Date,(Modeled) Non-Snow Precipitation (mm of water)
7/1/2024 1:00,0
7/1/2024 2:00,0
7/1/2024 3:00,0
7/1/2024 4:00,0
7/1/2024 5:00,0
7/1/2024 6:00,0
7/1/2024 7:00,0
7/1/2024 8:00,0
7/1/2024 9:00,0
7/1/2024 10:00,0
7/1/2024 11:00,0
7/1/2024 12:00,0
7/1/2024 13:00,0
7/1/2024 14:00,0
7/1/2024 15:00,0
7/1/2024 16:00,0
7/1/2024 17:00,0
7/1/2024 18:00,0
7/1/2024 19:00,0
7/1/2024 20:00,0
7/1/2024 21:00,0
7/1/2024 22:00,0
7/1/2024 23:00,0
7/2/2024 0:00,0
7/2/2024 1:00,0
7/2/2024 2:00,0
7/2/2024 3:00,0
7/2/2024 4:00,0
7/2/2024 5:00,0
7/2/2024 6:00,0
7/2/2024 7:00,0
7/2/2024 8:00,0
7/2/2024 9:00,0
7/2/2024 10:00,0
7/2/2024 11:00,0
7/2/2024 12:00,0
7/2/2024 13:00,0
7/2/2024 14:00,0
7/2/2024 15:00,0
7/2/2024 16:00,0
7/2/2024 17:00,0
7/2/2024 18:00,0
7/2/2024 19:00,0
7/2/2024 20:00,0
7/2/2024 21:00,0
7/2/2024 22:00,0
7/2/2024 23:00,0
7/3/2024 0:00,0
7/3/2024 1:00,0
7/3/2024 2:00,0
7/3/2024 3:00,0
7/3/2024 4:00,0
7/3/2024 5:00,0
7/3/2024 6:00,0
7/3/2024 7:00,0
7/3/2024 8:00,0
7/3/2024 9:00,0
7/3/2024 10:00,0
7/3/2024 11:00,0
7/3/2024 12:00,0
7/3/2024 13:00,0
7/3/2024 14:00,0
7/3/2024 15:00,0
7/3/2024 16:00,0
7/3/2024 17:00,0
7/3/2024 18:00,0
7/3/2024 19:00,0
7/3/2024 20:00,0
7/3/2024 21:00,0
7/3/2024 22:00,0
7/3/2024 23:00,0
7/4/2024 0:00,0
7/4/2024 1:00,0
7/4/2024 2:00,0
7/4/2024 3:00,0
7/4/2024 4:00,0
7/4/2024 5:00,0
7/4/2024 6:00,0
7/4/2024 7:00,0
7/4/2024 8:00,0
7/4/2024 9:00,0
7/4/2024 10:00,0
7/4/2024 11:00,0
7/4/2024 12:00,0
7/4/2024 13:00,0
7/4/2024 14:00,0
7/4/2024 15:00,0
7/4/2024 16:00,0
7/4/2024 17:00,0
7/4/2024 18:00,0
7/4/2024 19:00,0
7/4/2024 20:00,0
7/4/2024 21:00,0
7/4/2024 22:00,0
7/4/2024 23:00,0
7/5/2024 0:00,0
7/5/2024 1:00,0
7/5/2024 2:00,0
7/5/2024 3:00,0
7/5/2024 4:00,0
7/5/2024 5:00,0
7/5/2024 6:00,0
7/5/2024 7:00,0
7/5/2024 8:00,0
7/5/2024 9:00,0
7/5/2024 10:00,0
7/5/2024 11:00,0
7/5/2024 12:00,0
7/5/2024 13:00,0
7/5/2024 14:00,0
7/5/2024 15:00,0
7/5/2024 16:00,0
7/5/2024 17:00,0
7/5/2024 18:00,0
7/5/2024 19:00,0
7/5/2024 20:00,0
7/5/2024 21:00,0
7/5/2024 22:00,0
7/5/2024 23:00,0
7/6/2024 0:00,0
7/6/2024 1:00,0
7/6/2024 2:00,0
7/6/2024 3:00,0
7/6/2024 4:00,0
7/6/2024 5:00,0
7/6/2024 6:00,0
7/6/2024 7:00,0
7/6/2024 8:00,0
7/6/2024 9:00,0
7/6/2024 10:00,0
7/6/2024 11:00,0
7/6/2024 12:00,0
7/6/2024 13:00,0
7/6/2024 14:00,0
7/6/2024 15:00,0
7/6/2024 16:00,0
7/6/2024 17:00,0
7/6/2024 18:00,0
7/6/2024 19:00,0
7/6/2024 20:00,0
7/6/2024 21:00,0
7/6/2024 22:00,0
7/6/2024 23:00,0
7/7/2024 0:00,0
7/7/2024 1:00,0
7/7/2024 2:00,0
7/7/2024 3:00,0
7/7/2024 4:00,0
7/7/2024 5:00,0
7/7/2024 6:00,0
7/7/2024 7:00,0
7/7/2024 8:00,0
7/7/2024 9:00,0
7/7/2024 10:00,0
7/7/2024 11:00,0
7/7/2024 12:00,0
7/7/2024 13:00,0
7/7/2024 14:00,0
7/7/2024 15:00,0
7/7/2024 16:00,0
7/7/2024 17:00,0
7/7/2024 18:00,0
7/7/2024 19:00,0
7/7/2024 20:00,0
7/7/2024 21:00,0
7/7/2024 22:00,0
7/7/2024 23:00,0
7/8/2024 0:00,0
7/8/2024 1:00,0
7/8/2024 2:00,0
7/8/2024 3:00,0
7/8/2024 4:00,0
7/8/2024 5:00,0
7/8/2024 6:00,0
7/8/2024 7:00,0
7/8/2024 8:00,0
7/8/2024 9:00,0
7/8/2024 10:00,0
7/8/2024 11:00,0
7/8/2024 12:00,0
7/8/2024 13:00,0
7/8/2024 14:00,0
7/8/2024 15:00,0
7/8/2024 16:00,0
7/8/2024 17:00,0
7/8/2024 18:00,0
7/8/2024 19:00,0
7/8/2024 20:00,0
7/8/2024 21:00,0
7/8/2024 22:00,0
7/8/2024 23:00,0
7/9/2024 0:00,0
7/9/2024 1:00,0
7/9/2024 2:00,0
7/9/2024 3:00,0
7/9/2024 4:00,0
7/9/2024 5:00,0
7/9/2024 6:00,0
7/9/2024 7:00,0
7/9/2024 8:00,0
7/9/2024 9:00,0
7/9/2024 10:00,0
7/9/2024 11:00,0
7/9/2024 12:00,0
7/9/2024 13:00,0
7/9/2024 14:00,0
7/9/2024 15:00,0
7/9/2024 16:00,0
7/9/2024 17:00,0
7/9/2024 18:00,0
7/9/2024 19:00,0
7/9/2024 20:00,0
7/9/2024 21:00,0
7/9/2024 22:00,0
7/9/2024 23:00,0
7/10/2024 0:00,0
7/10/2024 1:00,0
7/10/2024 2:00,0
7/10/2024 3:00,0
7/10/2024 4:00,0
7/10/2024 5:00,0
7/10/2024 6:00,0
7/10/2024 7:00,0
7/10/2024 8:00,0
7/10/2024 9:00,0
7/10/2024 10:00,0
7/10/2024 11:00,0
7/10/2024 12:00,0
7/10/2024 13:00,0
7/10/2024 14:00,0
7/10/2024 15:00,0
7/10/2024 16:00,0
7/10/2024 17:00,0
7/10/2024 18:00,0
7/10/2024 19:00,0
7/10/2024 20:00,0
7/10/2024 21:00,0
7/10/2024 22:00,0
7/10/2024 23:00,0
7/11/2024 0:00,0
7/11/2024 1:00,0
7/11/2024 2:00,0
7/11/2024 3:00,0
7/11/2024 4:00,0
7/11/2024 5:00,0
7/11/2024 6:00,0
7/11/2024 7:00,0
7/11/2024 8:00,0
7/11/2024 9:00,0
7/11/2024 10:00,0
7/11/2024 11:00,0
7/11/2024 12:00,0
7/11/2024 13:00,0
7/11/2024 14:00,0
7/11/2024 15:00,0
7/11/2024 16:00,0
7/11/2024 17:00,0
7/11/2024 18:00,0
7/11/2024 19:00,0
7/11/2024 20:00,0
7/11/2024 21:00,0
7/11/2024 22:00,0
7/11/2024 23:00,0
7/12/2024 0:00,0
7/12/2024 1:00,0
7/12/2024 2:00,0
7/12/2024 3:00,0
7/12/2024 4:00,0
7/12/2024 5:00,0
7/12/2024 6:00,0
7/12/2024 7:00,0
7/12/2024 8:00,0
7/12/2024 9:00,0
7/12/2024 10:00,0
7/12/2024 11:00,0
7/12/2024 12:00,0
7/12/2024 13:00,0
7/12/2024 14:00,0
7/12/2024 15:00,0
7/12/2024 16:00,0
7/12/2024 17:00,0
7/12/2024 18:00,0
7/12/2024 19:00,0
7/12/2024 20:00,0
7/12/2024 21:00,0
7/12/2024 22:00,0
7/12/2024 23:00,0
7/13/2024 0:00,0
7/13/2024 1:00,0
7/13/2024 2:00,0
7/13/2024 3:00,0
7/13/2024 4:00,0
7/13/2024 5:00,0
7/13/2024 6:00,0
7/13/2024 7:00,0
7/13/2024 8:00,0
7/13/2024 9:00,0
7/13/2024 10:00,0
7/13/2024 11:00,0
7/13/2024 12:00,0
7/13/2024 13:00,0
7/13/2024 14:00,0
7/13/2024 15:00,0
7/13/2024 16:00,0
7/13/2024 17:00,0
7/13/2024 18:00,0
7/13/2024 19:00,0
7/13/2024 20:00,0
7/13/2024 21:00,0
7/13/2024 22:00,0
7/13/2024 23:00,0
7/14/2024 0:00,0
7/14/2024 1:00,0.04
7/14/2024 2:00,0
7/14/2024 3:00,0
7/14/2024 4:00,0
7/14/2024 5:00,0
7/14/2024 6:00,0.04
7/14/2024 7:00,0.03
7/14/2024 8:00,0
7/14/2024 9:00,0
7/14/2024 10:00,0
7/14/2024 11:00,0
7/14/2024 12:00,0
7/14/2024 13:00,0
7/14/2024 14:00,0
7/14/2024 15:00,0
7/14/2024 16:00,0
7/14/2024 17:00,0
7/14/2024 18:00,0
7/14/2024 19:00,0
7/14/2024 20:00,0
7/14/2024 21:00,0
7/14/2024 22:00,0
7/14/2024 23:00,0.06
7/15/2024 0:00,0
7/15/2024 1:00,0.06
7/15/2024 2:00,0.03
7/15/2024 3:00,0
7/15/2024 4:00,0
7/15/2024 5:00,0
7/15/2024 6:00,0
7/15/2024 7:00,0
7/15/2024 8:00,0
7/15/2024 9:00,0
7/15/2024 10:00,0
7/15/2024 11:00,0
7/15/2024 12:00,0
7/15/2024 13:00,0
7/15/2024 14:00,0
7/15/2024 15:00,0
7/15/2024 16:00,0
7/15/2024 17:00,0
7/15/2024 18:00,0
7/15/2024 19:00,0
7/15/2024 20:00,0
7/15/2024 21:00,0
7/15/2024 22:00,0
7/15/2024 23:00,0
7/16/2024 0:00,0
7/16/2024 1:00,0
7/16/2024 2:00,0
7/16/2024 3:00,0
7/16/2024 4:00,0
7/16/2024 5:00,0
7/16/2024 6:00,0
7/16/2024 7:00,0
7/16/2024 8:00,0
7/16/2024 9:00,0
7/16/2024 10:00,0
7/16/2024 11:00,0
7/16/2024 12:00,0
7/16/2024 13:00,0
7/16/2024 14:00,0
7/16/2024 15:00,0
7/16/2024 16:00,0
7/16/2024 17:00,0
7/16/2024 18:00,0
7/16/2024 19:00,0
7/16/2024 20:00,0
7/16/2024 21:00,0
7/16/2024 22:00,0
7/16/2024 23:00,0
7/17/2024 0:00,0
7/17/2024 1:00,0
7/17/2024 2:00,0
7/17/2024 3:00,0
7/17/2024 4:00,0
7/17/2024 5:00,0
7/17/2024 6:00,0
7/17/2024 7:00,0
7/17/2024 8:00,0
7/17/2024 9:00,0
7/17/2024 10:00,0
7/17/2024 11:00,0
7/17/2024 12:00,0
7/17/2024 13:00,0
7/17/2024 14:00,0
7/17/2024 15:00,0
7/17/2024 16:00,0
7/17/2024 17:00,0
7/17/2024 18:00,0
7/17/2024 19:00,0
7/17/2024 20:00,0
7/17/2024 21:00,0
7/17/2024 22:00,0
7/17/2024 23:00,0
7/18/2024 0:00,0
7/18/2024 1:00,0
7/18/2024 2:00,0
7/18/2024 3:00,0
7/18/2024 4:00,0
7/18/2024 5:00,0
7/18/2024 6:00,0
7/18/2024 7:00,0
7/18/2024 8:00,0
7/18/2024 9:00,0
7/18/2024 10:00,0
7/18/2024 11:00,0
7/18/2024 12:00,0
7/18/2024 13:00,0
7/18/2024 14:00,0
7/18/2024 15:00,0
7/18/2024 16:00,0
7/18/2024 17:00,0
7/18/2024 18:00,0
7/18/2024 19:00,0
7/18/2024 20:00,0
7/18/2024 21:00,0.02
7/18/2024 22:00,0
7/18/2024 23:00,0.94
7/19/2024 0:00,0
7/19/2024 1:00,0
7/19/2024 2:00,0
7/19/2024 3:00,0
7/19/2024 4:00,0
7/19/2024 5:00,0
7/19/2024 6:00,0
7/19/2024 7:00,0
7/19/2024 8:00,0
7/19/2024 9:00,0
7/19/2024 10:00,0
7/19/2024 11:00,0
7/19/2024 12:00,0
7/19/2024 13:00,0
7/19/2024 14:00,0
7/19/2024 15:00,0
7/19/2024 16:00,0
7/19/2024 17:00,0
7/19/2024 18:00,0
7/19/2024 19:00,0
7/19/2024 20:00,0
7/19/2024 21:00,0
7/19/2024 22:00,0
7/19/2024 23:00,0.01
7/20/2024 0:00,0
7/20/2024 1:00,0
7/20/2024 2:00,0
7/20/2024 3:00,0
7/20/2024 4:00,0
7/20/2024 5:00,0
7/20/2024 6:00,0
7/20/2024 7:00,0
7/20/2024 8:00,0
7/20/2024 9:00,0
7/20/2024 10:00,0
7/20/2024 11:00,0
7/20/2024 12:00,0
7/20/2024 13:00,0
7/20/2024 14:00,0
7/20/2024 15:00,0
7/20/2024 16:00,0
7/20/2024 17:00,0
7/20/2024 18:00,0
7/20/2024 19:00,0
7/20/2024 20:00,0
7/20/2024 21:00,0
7/20/2024 22:00,0
7/20/2024 23:00,0
7/21/2024 0:00,0
7/21/2024 1:00,0
7/21/2024 2:00,0
7/21/2024 3:00,0
7/21/2024 4:00,0
7/21/2024 5:00,0
7/21/2024 6:00,0
7/21/2024 7:00,0
7/21/2024 8:00,0
7/21/2024 9:00,0
7/21/2024 10:00,0
7/21/2024 11:00,0
7/21/2024 12:00,0
7/21/2024 13:00,0
7/21/2024 14:00,0
7/21/2024 15:00,0
7/21/2024 16:00,0
7/21/2024 17:00,0
7/21/2024 18:00,0
7/21/2024 19:00,0
7/21/2024 20:00,0
7/21/2024 21:00,0.03
7/21/2024 22:00,0.14
7/21/2024 23:00,0.59
7/22/2024 0:00,0
7/22/2024 1:00,0.25
7/22/2024 2:00,0
7/22/2024 3:00,0
7/22/2024 4:00,0
7/22/2024 5:00,0
7/22/2024 6:00,0
7/22/2024 7:00,0
7/22/2024 8:00,0
7/22/2024 9:00,0
7/22/2024 10:00,0
7/22/2024 11:00,0
7/22/2024 12:00,0
7/22/2024 13:00,0
7/22/2024 14:00,0
7/22/2024 15:00,0
7/22/2024 16:00,0
7/22/2024 17:00,0
7/22/2024 18:00,0
7/22/2024 19:00,0
7/22/2024 20:00,0
7/22/2024 21:00,0
7/22/2024 22:00,0
7/22/2024 23:00,0
7/23/2024 0:00,0
7/23/2024 1:00,0
7/23/2024 2:00,0
7/23/2024 3:00,0.03
7/23/2024 4:00,0
7/23/2024 5:00,0
7/23/2024 6:00,0
7/23/2024 7:00,0
7/23/2024 8:00,0
7/23/2024 9:00,0
7/23/2024 10:00,0
7/23/2024 11:00,0
7/23/2024 12:00,0
7/23/2024 13:00,0
7/23/2024 14:00,0
7/23/2024 15:00,0
7/23/2024 16:00,0
7/23/2024 17:00,0
7/23/2024 18:00,0
7/23/2024 19:00,0
7/23/2024 20:00,0
7/23/2024 21:00,0
7/23/2024 22:00,0
7/23/2024 23:00,0
7/24/2024 0:00,0
7/24/2024 1:00,0
7/24/2024 2:00,0.01
7/24/2024 3:00,0.06
7/24/2024 4:00,0
7/24/2024 5:00,0
7/24/2024 6:00,0
7/24/2024 7:00,0
7/24/2024 8:00,0
7/24/2024 9:00,0
7/24/2024 10:00,0
7/24/2024 11:00,0
7/24/2024 12:00,0
7/24/2024 13:00,0
7/24/2024 14:00,0
7/24/2024 15:00,0
7/24/2024 16:00,0
7/24/2024 17:00,0
7/24/2024 18:00,0
7/24/2024 19:00,0
7/24/2024 20:00,0
7/24/2024 21:00,0
7/24/2024 22:00,0
7/24/2024 23:00,0
7/25/2024 0:00,0
7/25/2024 1:00,0
7/25/2024 2:00,0
7/25/2024 3:00,0
7/25/2024 4:00,0
7/25/2024 5:00,0
7/25/2024 6:00,0
7/25/2024 7:00,0
7/25/2024 8:00,0
7/25/2024 9:00,0
7/25/2024 10:00,0
7/25/2024 11:00,0
7/25/2024 12:00,0
7/25/2024 13:00,0
7/25/2024 14:00,0
7/25/2024 15:00,0
7/25/2024 16:00,0
7/25/2024 17:00,0
7/25/2024 18:00,0
7/25/2024 19:00,0
7/25/2024 20:00,0
7/25/2024 21:00,0
7/25/2024 22:00,0
7/25/2024 23:00,0
7/26/2024 0:00,0
7/26/2024 1:00,0
7/26/2024 2:00,0
7/26/2024 3:00,0
7/26/2024 4:00,0
7/26/2024 5:00,0
7/26/2024 6:00,0
7/26/2024 7:00,0
7/26/2024 8:00,0
7/26/2024 9:00,0
7/26/2024 10:00,0
7/26/2024 11:00,0
7/26/2024 12:00,0
7/26/2024 13:00,0
7/26/2024 14:00,0
7/26/2024 15:00,0
7/26/2024 16:00,0
7/26/2024 17:00,0
7/26/2024 18:00,0
7/26/2024 19:00,0
7/26/2024 20:00,0
7/26/2024 21:00,0
7/26/2024 22:00,0
7/26/2024 23:00,0
7/27/2024 0:00,0
7/27/2024 1:00,0
7/27/2024 2:00,0
7/27/2024 3:00,0
7/27/2024 4:00,0
7/27/2024 5:00,0
7/27/2024 6:00,0
7/27/2024 7:00,0
7/27/2024 8:00,0
7/27/2024 9:00,0
7/27/2024 10:00,0
7/27/2024 11:00,0
7/27/2024 12:00,0
7/27/2024 13:00,0
7/27/2024 14:00,0
7/27/2024 15:00,0
7/27/2024 16:00,0
7/27/2024 17:00,0
7/27/2024 18:00,0
7/27/2024 19:00,0
7/27/2024 20:00,0
7/27/2024 21:00,0
7/27/2024 22:00,0
7/27/2024 23:00,0
7/28/2024 0:00,0
7/28/2024 1:00,0
7/28/2024 2:00,0
7/28/2024 3:00,0
7/28/2024 4:00,0
7/28/2024 5:00,0
7/28/2024 6:00,0
7/28/2024 7:00,0
7/28/2024 8:00,0
7/28/2024 9:00,0
7/28/2024 10:00,0
7/28/2024 11:00,0
7/28/2024 12:00,0
7/28/2024 13:00,0
7/28/2024 14:00,0
7/28/2024 15:00,0
7/28/2024 16:00,0
7/28/2024 17:00,0
7/28/2024 18:00,0
7/28/2024 19:00,0
7/28/2024 20:00,0
7/28/2024 21:00,0
7/28/2024 22:00,0
7/28/2024 23:00,0
7/29/2024 0:00,0
7/29/2024 1:00,0
7/29/2024 2:00,0
7/29/2024 3:00,0
7/29/2024 4:00,0
7/29/2024 5:00,0
7/29/2024 6:00,0
7/29/2024 7:00,0
7/29/2024 8:00,0
7/29/2024 9:00,0
7/29/2024 10:00,0
7/29/2024 11:00,0
7/29/2024 12:00,0
7/29/2024 13:00,0
7/29/2024 14:00,0
7/29/2024 15:00,0
7/29/2024 16:00,0
7/29/2024 17:00,0
7/29/2024 18:00,0
7/29/2024 19:00,0
7/29/2024 20:00,0
7/29/2024 21:00,0
7/29/2024 22:00,0
7/29/2024 23:00,0
7/30/2024 0:00,0
7/30/2024 1:00,0
7/30/2024 2:00,0
7/30/2024 3:00,0
7/30/2024 4:00,0
7/30/2024 5:00,0
7/30/2024 6:00,0
7/30/2024 7:00,0
7/30/2024 8:00,0
7/30/2024 9:00,0
7/30/2024 10:00,0
7/30/2024 11:00,0
7/30/2024 12:00,0
7/30/2024 13:00,0
7/30/2024 14:00,0
7/30/2024 15:00,0
7/30/2024 16:00,0
7/30/2024 17:00,0
7/30/2024 18:00,0
7/30/2024 19:00,0
7/30/2024 20:00,0
7/30/2024 21:00,0
7/30/2024 22:00,0
7/30/2024 23:00,0
7/31/2024 0:00,0
7/31/2024 1:00,0
7/31/2024 2:00,0
7/31/2024 3:00,0
7/31/2024 4:00,0
7/31/2024 5:00,0
7/31/2024 6:00,0
7/31/2024 7:00,0
7/31/2024 8:00,0
7/31/2024 9:00,0
7/31/2024 10:00,0
7/31/2024 11:00,0
7/31/2024 12:00,0
7/31/2024 13:00,0
7/31/2024 14:00,0
7/31/2024 15:00,0
7/31/2024 16:00,0
7/31/2024 17:00,0
7/31/2024 18:00,0
7/31/2024 19:00,0
7/31/2024 20:00,0
7/31/2024 21:00,0
7/31/2024 22:00,0
7/31/2024 23:00,0
8/1/2024 0:00,0
8/1/2024 1:00,0
8/1/2024 2:00,0
8/1/2024 3:00,0
8/1/2024 4:00,0
8/1/2024 5:00,0
8/1/2024 6:00,0
8/1/2024 7:00,0
8/1/2024 8:00,0
8/1/2024 9:00,0
8/1/2024 10:00,0
8/1/2024 11:00,0
8/1/2024 12:00,0
8/1/2024 13:00,0
8/1/2024 14:00,0
8/1/2024 15:00,0
8/1/2024 16:00,0
8/1/2024 17:00,0
8/1/2024 18:00,0
8/1/2024 19:00,0
8/1/2024 20:00,0
8/1/2024 21:00,0
8/1/2024 22:00,0
8/1/2024 23:00,0
8/2/2024 0:00,0
8/2/2024 1:00,0
8/2/2024 2:00,0
8/2/2024 3:00,0
8/2/2024 4:00,0
8/2/2024 5:00,0
8/2/2024 6:00,0
8/2/2024 7:00,0
8/2/2024 8:00,0
8/2/2024 9:00,0
8/2/2024 10:00,0
8/2/2024 11:00,0
8/2/2024 12:00,0
8/2/2024 13:00,0
8/2/2024 14:00,0
8/2/2024 15:00,0
8/2/2024 16:00,0
8/2/2024 17:00,0
8/2/2024 18:00,0
8/2/2024 19:00,0
8/2/2024 20:00,0
8/2/2024 21:00,0
8/2/2024 22:00,0
8/2/2024 23:00,0
8/3/2024 0:00,0
8/3/2024 1:00,0
8/3/2024 2:00,0
8/3/2024 3:00,0
8/3/2024 4:00,0
8/3/2024 5:00,0
8/3/2024 6:00,0
8/3/2024 7:00,0
8/3/2024 8:00,0
8/3/2024 9:00,0
8/3/2024 10:00,0
8/3/2024 11:00,0
8/3/2024 12:00,0
8/3/2024 13:00,0
8/3/2024 14:00,0
8/3/2024 15:00,0
8/3/2024 16:00,0
8/3/2024 17:00,0
8/3/2024 18:00,0
8/3/2024 19:00,0
8/3/2024 20:00,0
8/3/2024 21:00,0
8/3/2024 22:00,0
8/3/2024 23:00,0
8/4/2024 0:00,0
8/4/2024 1:00,0
8/4/2024 2:00,0
8/4/2024 3:00,0
8/4/2024 4:00,0
8/4/2024 5:00,0
8/4/2024 6:00,0
8/4/2024 7:00,0
8/4/2024 8:00,0
8/4/2024 9:00,0
8/4/2024 10:00,0
8/4/2024 11:00,0
8/4/2024 12:00,0
8/4/2024 13:00,0
8/4/2024 14:00,0
8/4/2024 15:00,0
8/4/2024 16:00,0
8/4/2024 17:00,0
8/4/2024 18:00,0
8/4/2024 19:00,0
8/4/2024 20:00,0
8/4/2024 21:00,0
8/4/2024 22:00,0
8/4/2024 23:00,0
8/5/2024 0:00,0
8/5/2024 1:00,0
8/5/2024 2:00,0
8/5/2024 3:00,0
8/5/2024 4:00,0
8/5/2024 5:00,0
8/5/2024 6:00,0
8/5/2024 7:00,0
8/5/2024 8:00,0
8/5/2024 9:00,0
8/5/2024 10:00,0
8/5/2024 11:00,0
8/5/2024 12:00,0
8/5/2024 13:00,0
8/5/2024 14:00,0
8/5/2024 15:00,0
8/5/2024 16:00,0
8/5/2024 17:00,0
8/5/2024 18:00,0
8/5/2024 19:00,0
8/5/2024 20:00,0
8/5/2024 21:00,0
8/5/2024 22:00,0
8/5/2024 23:00,0
8/6/2024 0:00,0
8/6/2024 1:00,0
8/6/2024 2:00,0
8/6/2024 3:00,0
8/6/2024 4:00,0
8/6/2024 5:00,0
8/6/2024 6:00,0
8/6/2024 7:00,0
8/6/2024 8:00,0
8/6/2024 9:00,0
8/6/2024 10:00,0
8/6/2024 11:00,0
8/6/2024 12:00,0
8/6/2024 13:00,0
8/6/2024 14:00,0
8/6/2024 15:00,0
8/6/2024 16:00,0
8/6/2024 17:00,0
8/6/2024 18:00,0
8/6/2024 19:00,0
8/6/2024 20:00,0
8/6/2024 21:00,0
8/6/2024 22:00,0
8/6/2024 23:00,0
8/7/2024 0:00,0
8/7/2024 1:00,0
8/7/2024 2:00,0
8/7/2024 3:00,0
8/7/2024 4:00,0
8/7/2024 5:00,0
8/7/2024 6:00,0
8/7/2024 7:00,0
8/7/2024 8:00,0
8/7/2024 9:00,0
8/7/2024 10:00,0
8/7/2024 11:00,0
8/7/2024 12:00,0
8/7/2024 13:00,0
8/7/2024 14:00,0
8/7/2024 15:00,0
8/7/2024 16:00,0
8/7/2024 17:00,0
8/7/2024 18:00,0
8/7/2024 19:00,0
8/7/2024 20:00,0
8/7/2024 21:00,0
8/7/2024 22:00,0
8/7/2024 23:00,0
8/8/2024 0:00,0
8/8/2024 1:00,0
8/8/2024 2:00,0
8/8/2024 3:00,0
8/8/2024 4:00,0
8/8/2024 5:00,0
8/8/2024 6:00,0
8/8/2024 7:00,0
8/8/2024 8:00,0
8/8/2024 9:00,0
8/8/2024 10:00,0
8/8/2024 11:00,0
8/8/2024 12:00,0
8/8/2024 13:00,0
8/8/2024 14:00,0
8/8/2024 15:00,0
8/8/2024 16:00,0
8/8/2024 17:00,0
8/8/2024 18:00,0
8/8/2024 19:00,0
8/8/2024 20:00,0
8/8/2024 21:00,0
8/8/2024 22:00,0
8/8/2024 23:00,0
8/9/2024 0:00,0.01
8/9/2024 1:00,0
8/9/2024 2:00,0
8/9/2024 3:00,0
8/9/2024 4:00,0
8/9/2024 5:00,0
8/9/2024 6:00,0
8/9/2024 7:00,0
8/9/2024 8:00,0
8/9/2024 9:00,0
8/9/2024 10:00,0
8/9/2024 11:00,0
8/9/2024 12:00,0
8/9/2024 13:00,0
8/9/2024 14:00,0
8/9/2024 15:00,0
8/9/2024 16:00,0
8/9/2024 17:00,0
8/9/2024 18:00,0
8/9/2024 19:00,0
8/9/2024 20:00,0
8/9/2024 21:00,0
8/9/2024 22:00,0
8/9/2024 23:00,0
8/10/2024 0:00,0
8/10/2024 1:00,0
8/10/2024 2:00,0
8/10/2024 3:00,0
8/10/2024 4:00,0
8/10/2024 5:00,0
8/10/2024 6:00,0
8/10/2024 7:00,0
8/10/2024 8:00,0
8/10/2024 9:00,0
8/10/2024 10:00,0
8/10/2024 11:00,0
8/10/2024 12:00,0
8/10/2024 13:00,0
8/10/2024 14:00,0
8/10/2024 15:00,0
8/10/2024 16:00,0
8/10/2024 17:00,0
8/10/2024 18:00,0
8/10/2024 19:00,0
8/10/2024 20:00,0
8/10/2024 21:00,0
8/10/2024 22:00,0
8/10/2024 23:00,0
8/11/2024 0:00,0
8/11/2024 1:00,0
8/11/2024 2:00,0
8/11/2024 3:00,0
8/11/2024 4:00,0
8/11/2024 5:00,0
8/11/2024 6:00,0
8/11/2024 7:00,0
8/11/2024 8:00,0
8/11/2024 9:00,0
8/11/2024 10:00,0
8/11/2024 11:00,0
8/11/2024 12:00,0
8/11/2024 13:00,0
8/11/2024 14:00,0
8/11/2024 15:00,0
8/11/2024 16:00,0
8/11/2024 17:00,0
8/11/2024 18:00,0
8/11/2024 19:00,0
8/11/2024 20:00,0
8/11/2024 21:00,0
8/11/2024 22:00,0
8/11/2024 23:00,0
8/12/2024 0:00,0
8/12/2024 1:00,0
8/12/2024 2:00,0
8/12/2024 3:00,0
8/12/2024 4:00,0
8/12/2024 5:00,0
8/12/2024 6:00,0
8/12/2024 7:00,0
8/12/2024 8:00,0
8/12/2024 9:00,0
8/12/2024 10:00,0
8/12/2024 11:00,0
8/12/2024 12:00,0
8/12/2024 13:00,0
8/12/2024 14:00,0
8/12/2024 15:00,0
8/12/2024 16:00,0
8/12/2024 17:00,0
8/12/2024 18:00,0
8/12/2024 19:00,0
8/12/2024 20:00,0
8/12/2024 21:00,0
8/12/2024 22:00,0
8/12/2024 23:00,0
8/13/2024 0:00,0
8/13/2024 1:00,0
8/13/2024 2:00,0
8/13/2024 3:00,0
8/13/2024 4:00,0
8/13/2024 5:00,0
8/13/2024 6:00,0
8/13/2024 7:00,0
8/13/2024 8:00,0
8/13/2024 9:00,0
8/13/2024 10:00,0
8/13/2024 11:00,0
8/13/2024 12:00,0
8/13/2024 13:00,0
8/13/2024 14:00,0
8/13/2024 15:00,0
8/13/2024 16:00,0
8/13/2024 17:00,0
8/13/2024 18:00,0
8/13/2024 19:00,0
8/13/2024 20:00,0
8/13/2024 21:00,0
8/13/2024 22:00,0
8/13/2024 23:00,0
8/14/2024 0:00,0
8/14/2024 1:00,0
8/14/2024 2:00,0
8/14/2024 3:00,0
8/14/2024 4:00,0
8/14/2024 5:00,0
8/14/2024 6:00,0
8/14/2024 7:00,0
8/14/2024 8:00,0
8/14/2024 9:00,0
8/14/2024 10:00,0
8/14/2024 11:00,0
8/14/2024 12:00,0
8/14/2024 13:00,0
8/14/2024 14:00,0
8/14/2024 15:00,0
8/14/2024 16:00,0
8/14/2024 17:00,0
8/14/2024 18:00,0
8/14/2024 19:00,0
8/14/2024 20:00,0
8/14/2024 21:00,0
8/14/2024 22:00,0
8/14/2024 23:00,0
8/15/2024 0:00,0
8/15/2024 1:00,0
8/15/2024 2:00,0
8/15/2024 3:00,0
8/15/2024 4:00,0
8/15/2024 5:00,0
8/15/2024 6:00,0
8/15/2024 7:00,0
8/15/2024 8:00,0
8/15/2024 9:00,0
8/15/2024 10:00,0
8/15/2024 11:00,0
8/15/2024 12:00,0
8/15/2024 13:00,0
8/15/2024 14:00,0
8/15/2024 15:00,0
8/15/2024 16:00,0
8/15/2024 17:00,0
8/15/2024 18:00,0
8/15/2024 19:00,0
8/15/2024 20:00,0
8/15/2024 21:00,0
8/15/2024 22:00,0
8/15/2024 23:00,0
8/16/2024 0:00,0
8/16/2024 1:00,0
8/16/2024 2:00,0
8/16/2024 3:00,0
8/16/2024 4:00,0
8/16/2024 5:00,0
8/16/2024 6:00,0
8/16/2024 7:00,0
8/16/2024 8:00,0
8/16/2024 9:00,0
8/16/2024 10:00,0
8/16/2024 11:00,0
8/16/2024 12:00,0
8/16/2024 13:00,0
8/16/2024 14:00,0
8/16/2024 15:00,0
8/16/2024 16:00,0
8/16/2024 17:00,0
8/16/2024 18:00,0
8/16/2024 19:00,0
8/16/2024 20:00,0
8/16/2024 21:00,0
8/16/2024 22:00,0
8/16/2024 23:00,0
8/17/2024 0:00,0
8/17/2024 1:00,0
8/17/2024 2:00,0
8/17/2024 3:00,0
8/17/2024 4:00,0
8/17/2024 5:00,0
8/17/2024 6:00,0
8/17/2024 7:00,0
8/17/2024 8:00,0
8/17/2024 9:00,0
8/17/2024 10:00,0
8/17/2024 11:00,0
8/17/2024 12:00,0
8/17/2024 13:00,0
8/17/2024 14:00,0
8/17/2024 15:00,0
8/17/2024 16:00,0
8/17/2024 17:00,0
8/17/2024 18:00,0
8/17/2024 19:00,0
8/17/2024 20:00,0
8/17/2024 21:00,0
8/17/2024 22:00,0
8/17/2024 23:00,0
8/18/2024 0:00,0
8/18/2024 1:00,0
8/18/2024 2:00,0
8/18/2024 3:00,0
8/18/2024 4:00,0
8/18/2024 5:00,0
8/18/2024 6:00,0
8/18/2024 7:00,0
8/18/2024 8:00,0
8/18/2024 9:00,0
8/18/2024 10:00,0
8/18/2024 11:00,0
8/18/2024 12:00,0
8/18/2024 13:00,0
8/18/2024 14:00,0
8/18/2024 15:00,0
8/18/2024 16:00,0
8/18/2024 17:00,0
8/18/2024 18:00,0
8/18/2024 19:00,0
8/18/2024 20:00,0
8/18/2024 21:00,0
8/18/2024 22:00,0
8/18/2024 23:00,0
8/19/2024 0:00,0
8/19/2024 1:00,0
8/19/2024 2:00,0
8/19/2024 3:00,0
8/19/2024 4:00,0
8/19/2024 5:00,0
8/19/2024 6:00,0
8/19/2024 7:00,0
8/19/2024 8:00,0
8/19/2024 9:00,0
8/19/2024 10:00,0
8/19/2024 11:00,0
8/19/2024 12:00,0
8/19/2024 13:00,0
8/19/2024 14:00,0
8/19/2024 15:00,0
8/19/2024 16:00,0
8/19/2024 17:00,0
8/19/2024 18:00,0
8/19/2024 19:00,0
8/19/2024 20:00,0
8/19/2024 21:00,0
8/19/2024 22:00,0
8/19/2024 23:00,0
8/20/2024 0:00,0
8/20/2024 1:00,0
8/20/2024 2:00,0
8/20/2024 3:00,0
8/20/2024 4:00,0
8/20/2024 5:00,0
8/20/2024 6:00,0
8/20/2024 7:00,0
8/20/2024 8:00,0
8/20/2024 9:00,0
8/20/2024 10:00,0
8/20/2024 11:00,0
8/20/2024 12:00,0
8/20/2024 13:00,0
8/20/2024 14:00,0
8/20/2024 15:00,0
8/20/2024 16:00,0
8/20/2024 17:00,0
8/20/2024 18:00,0
8/20/2024 19:00,0
8/20/2024 20:00,0
8/20/2024 21:00,0
8/20/2024 22:00,0
8/20/2024 23:00,0
8/21/2024 0:00,0
8/21/2024 1:00,0
8/21/2024 2:00,0
8/21/2024 3:00,0
8/21/2024 4:00,0
8/21/2024 5:00,0
8/21/2024 6:00,0
8/21/2024 7:00,0
8/21/2024 8:00,0
8/21/2024 9:00,0
8/21/2024 10:00,0
8/21/2024 11:00,0
8/21/2024 12:00,0
8/21/2024 13:00,0
8/21/2024 14:00,0
8/21/2024 15:00,0
8/21/2024 16:00,0
8/21/2024 17:00,0
8/21/2024 18:00,0
8/21/2024 19:00,0
8/21/2024 20:00,0
8/21/2024 21:00,0
8/21/2024 22:00,0
8/21/2024 23:00,0
8/22/2024 0:00,0
8/22/2024 1:00,0
8/22/2024 2:00,0
8/22/2024 3:00,0
8/22/2024 4:00,0
8/22/2024 5:00,0
8/22/2024 6:00,0
8/22/2024 7:00,0
8/22/2024 8:00,0
8/22/2024 9:00,0
8/22/2024 10:00,0
8/22/2024 11:00,0
8/22/2024 12:00,0
8/22/2024 13:00,0
8/22/2024 14:00,0
8/22/2024 15:00,0
8/22/2024 16:00,0
8/22/2024 17:00,0
8/22/2024 18:00,0
8/22/2024 19:00,0
8/22/2024 20:00,0
8/22/2024 21:00,0
8/22/2024 22:00,0
8/22/2024 23:00,0
8/23/2024 0:00,0
8/23/2024 1:00,0
8/23/2024 2:00,0
8/23/2024 3:00,0
8/23/2024 4:00,0
8/23/2024 5:00,0
8/23/2024 6:00,0
8/23/2024 7:00,0
8/23/2024 8:00,0
8/23/2024 9:00,0
8/23/2024 10:00,0
8/23/2024 11:00,0
8/23/2024 12:00,0
8/23/2024 13:00,0
8/23/2024 14:00,0
8/23/2024 15:00,0
8/23/2024 16:00,0
8/23/2024 17:00,0
8/23/2024 18:00,0
8/23/2024 19:00,0
8/23/2024 20:00,0
8/23/2024 21:00,0
8/23/2024 22:00,0
8/23/2024 23:00,0
8/24/2024 0:00,0
8/24/2024 1:00,0
8/24/2024 2:00,0
8/24/2024 3:00,0
8/24/2024 4:00,0
8/24/2024 5:00,0
8/24/2024 6:00,0
8/24/2024 7:00,0
8/24/2024 8:00,0
8/24/2024 9:00,0
8/24/2024 10:00,0
8/24/2024 11:00,0
8/24/2024 12:00,0
8/24/2024 13:00,0
8/24/2024 14:00,0
8/24/2024 15:00,0
8/24/2024 16:00,0
8/24/2024 17:00,0
8/24/2024 18:00,0
8/24/2024 19:00,0
8/24/2024 20:00,0
8/24/2024 21:00,0
8/24/2024 22:00,0
8/24/2024 23:00,0
8/25/2024 0:00,0
8/25/2024 1:00,0
8/25/2024 2:00,0
8/25/2024 3:00,0
8/25/2024 4:00,0
8/25/2024 5:00,0
8/25/2024 6:00,0
8/25/2024 7:00,0
8/25/2024 8:00,0
8/25/2024 9:00,0
8/25/2024 10:00,0
8/25/2024 11:00,0
8/25/2024 12:00,0
8/25/2024 13:00,0
8/25/2024 14:00,0
8/25/2024 15:00,0
8/25/2024 16:00,0
8/25/2024 17:00,0
8/25/2024 18:00,0
8/25/2024 19:00,0
8/25/2024 20:00,0
8/25/2024 21:00,0
8/25/2024 22:00,0
8/25/2024 23:00,0
8/26/2024 0:00,0
8/26/2024 1:00,0
8/26/2024 2:00,0
8/26/2024 3:00,0
8/26/2024 4:00,0
8/26/2024 5:00,0
8/26/2024 6:00,0
8/26/2024 7:00,0
8/26/2024 8:00,0
8/26/2024 9:00,0
8/26/2024 10:00,0
8/26/2024 11:00,0
8/26/2024 12:00,0
8/26/2024 13:00,0
8/26/2024 14:00,0
8/26/2024 15:00,0
8/26/2024 16:00,0
8/26/2024 17:00,0
8/26/2024 18:00,0
8/26/2024 19:00,0
8/26/2024 20:00,0
8/26/2024 21:00,0
8/26/2024 22:00,0
8/26/2024 23:00,0
8/27/2024 0:00,0
8/27/2024 1:00,0
8/27/2024 2:00,0
8/27/2024 3:00,0
8/27/2024 4:00,0
8/27/2024 5:00,0
8/27/2024 6:00,0
8/27/2024 7:00,0
8/27/2024 8:00,0
8/27/2024 9:00,0
8/27/2024 10:00,0
8/27/2024 11:00,0
8/27/2024 12:00,0
8/27/2024 13:00,0
8/27/2024 14:00,0
8/27/2024 15:00,0
8/27/2024 16:00,0
8/27/2024 17:00,0
8/27/2024 18:00,0
8/27/2024 19:00,0
8/27/2024 20:00,0
8/27/2024 21:00,0
8/27/2024 22:00,0
8/27/2024 23:00,0
8/28/2024 0:00,0
8/28/2024 1:00,0
8/28/2024 2:00,0
8/28/2024 3:00,0
8/28/2024 4:00,0
8/28/2024 5:00,0
8/28/2024 6:00,0
8/28/2024 7:00,0
8/28/2024 8:00,0
8/28/2024 9:00,0
8/28/2024 10:00,0
8/28/2024 11:00,0
8/28/2024 12:00,0
8/28/2024 13:00,0
8/28/2024 14:00,0
8/28/2024 15:00,0
8/28/2024 16:00,0
8/28/2024 17:00,0
8/28/2024 18:00,0
8/28/2024 19:00,0
8/28/2024 20:00,0
8/28/2024 21:00,0
8/28/2024 22:00,0
8/28/2024 23:00,0
8/29/2024 0:00,0
8/29/2024 1:00,0
8/29/2024 2:00,0
8/29/2024 3:00,0
8/29/2024 4:00,0
8/29/2024 5:00,0
8/29/2024 6:00,0
8/29/2024 7:00,0
8/29/2024 8:00,0
8/29/2024 9:00,0
8/29/2024 10:00,0
8/29/2024 11:00,0
8/29/2024 12:00,0
8/29/2024 13:00,0
8/29/2024 14:00,0
8/29/2024 15:00,0
8/29/2024 16:00,0
8/29/2024 17:00,0
8/29/2024 18:00,0
8/29/2024 19:00,0
8/29/2024 20:00,0
8/29/2024 21:00,0
8/29/2024 22:00,0
8/29/2024 23:00,0
8/30/2024 0:00,0
8/30/2024 1:00,0
8/30/2024 2:00,0
8/30/2024 3:00,0
8/30/2024 4:00,0
8/30/2024 5:00,0
8/30/2024 6:00,0
8/30/2024 7:00,0
8/30/2024 8:00,0
8/30/2024 9:00,0
8/30/2024 10:00,0
8/30/2024 11:00,0
8/30/2024 12:00,0
8/30/2024 13:00,0
8/30/2024 14:00,0
8/30/2024 15:00,0
8/30/2024 16:00,0
8/30/2024 17:00,0
8/30/2024 18:00,0
8/30/2024 19:00,0
8/30/2024 20:00,0
8/30/2024 21:00,0
8/30/2024 22:00,0
8/30/2024 23:00,0
8/31/2024 0:00,0
8/31/2024 1:00,0
8/31/2024 2:00,0
8/31/2024 3:00,0
8/31/2024 4:00,0
8/31/2024 5:00,0
8/31/2024 6:00,0
8/31/2024 7:00,0
8/31/2024 8:00,0
8/31/2024 9:00,0
8/31/2024 10:00,0
8/31/2024 11:00,0
8/31/2024 12:00,0
8/31/2024 13:00,0
8/31/2024 14:00,0
8/31/2024 15:00,0
8/31/2024 16:00,0
8/31/2024 17:00,0
8/31/2024 18:00,0
8/31/2024 19:00,0
8/31/2024 20:00,0
8/31/2024 21:00,0
8/31/2024 22:00,0
8/31/2024 23:00,0
9/1/2024 0:00,0
9/1/2024 1:00,0
9/1/2024 2:00,0
9/1/2024 3:00,0
9/1/2024 4:00,0
9/1/2024 5:00,0
9/1/2024 6:00,0
9/1/2024 7:00,0
9/1/2024 8:00,0
9/1/2024 9:00,0
9/1/2024 10:00,0
9/1/2024 11:00,0
9/1/2024 12:00,0
9/1/2024 13:00,0
9/1/2024 14:00,0
9/1/2024 15:00,0
9/1/2024 16:00,0
9/1/2024 17:00,0
9/1/2024 18:00,0
9/1/2024 19:00,0
9/1/2024 20:00,0
9/1/2024 21:00,0
9/1/2024 22:00,0
9/1/2024 23:00,0
9/2/2024 0:00,0
9/2/2024 1:00,0
9/2/2024 2:00,0
9/2/2024 3:00,0
9/2/2024 4:00,0
9/2/2024 5:00,0
9/2/2024 6:00,0
9/2/2024 7:00,0
9/2/2024 8:00,0
9/2/2024 9:00,0
9/2/2024 10:00,0
9/2/2024 11:00,0
9/2/2024 12:00,0
9/2/2024 13:00,0
9/2/2024 14:00,0
9/2/2024 15:00,0
9/2/2024 16:00,0
9/2/2024 17:00,0
9/2/2024 18:00,0
9/2/2024 19:00,0
9/2/2024 20:00,0
9/2/2024 21:00,0
9/2/2024 22:00,0
9/2/2024 23:00,0
9/3/2024 0:00,0
9/3/2024 1:00,0
9/3/2024 2:00,0
9/3/2024 3:00,0
9/3/2024 4:00,0
9/3/2024 5:00,0
9/3/2024 6:00,0
9/3/2024 7:00,0
9/3/2024 8:00,0
9/3/2024 9:00,0
9/3/2024 10:00,0
9/3/2024 11:00,0
9/3/2024 12:00,0
9/3/2024 13:00,0
9/3/2024 14:00,0
9/3/2024 15:00,0
9/3/2024 16:00,0
9/3/2024 17:00,0
9/3/2024 18:00,0
9/3/2024 19:00,0
9/3/2024 20:00,0
9/3/2024 21:00,0
9/3/2024 22:00,0
9/3/2024 23:00,0
9/4/2024 0:00,0
9/4/2024 1:00,0
9/4/2024 2:00,0
9/4/2024 3:00,0
9/4/2024 4:00,0
9/4/2024 5:00,0
9/4/2024 6:00,0
9/4/2024 7:00,0
9/4/2024 8:00,0
9/4/2024 9:00,0
9/4/2024 10:00,0
9/4/2024 11:00,0
9/4/2024 12:00,0
9/4/2024 13:00,0
9/4/2024 14:00,0
9/4/2024 15:00,0
9/4/2024 16:00,0
9/4/2024 17:00,0
9/4/2024 18:00,0
9/4/2024 19:00,0
9/4/2024 20:00,0
9/4/2024 21:00,0
9/4/2024 22:00,0
9/4/2024 23:00,0
9/5/2024 0:00,0
9/5/2024 1:00,0
9/5/2024 2:00,0
9/5/2024 3:00,0
9/5/2024 4:00,0
9/5/2024 5:00,0
9/5/2024 6:00,0
9/5/2024 7:00,0
9/5/2024 8:00,0
9/5/2024 9:00,0
9/5/2024 10:00,0
9/5/2024 11:00,0
9/5/2024 12:00,0
9/5/2024 13:00,0
9/5/2024 14:00,0
9/5/2024 15:00,0
9/5/2024 16:00,0
9/5/2024 17:00,0
9/5/2024 18:00,0
9/5/2024 19:00,0
9/5/2024 20:00,0
9/5/2024 21:00,0
9/5/2024 22:00,0
9/5/2024 23:00,0
9/6/2024 0:00,0
9/6/2024 1:00,0
9/6/2024 2:00,0
9/6/2024 3:00,0
9/6/2024 4:00,0
9/6/2024 5:00,0
9/6/2024 6:00,0
9/6/2024 7:00,0
9/6/2024 8:00,0
9/6/2024 9:00,0
9/6/2024 10:00,0
9/6/2024 11:00,0
9/6/2024 12:00,0
9/6/2024 13:00,0
9/6/2024 14:00,0
9/6/2024 15:00,0
9/6/2024 16:00,0
9/6/2024 17:00,0
9/6/2024 18:00,0
9/6/2024 19:00,0
9/6/2024 20:00,0
9/6/2024 21:00,0
9/6/2024 22:00,0
9/6/2024 23:00,0
9/7/2024 0:00,0
9/7/2024 1:00,0
9/7/2024 2:00,0
9/7/2024 3:00,0
9/7/2024 4:00,0
9/7/2024 5:00,0
9/7/2024 6:00,0
9/7/2024 7:00,0
9/7/2024 8:00,0
9/7/2024 9:00,0
9/7/2024 10:00,0
9/7/2024 11:00,0
9/7/2024 12:00,0
9/7/2024 13:00,0
9/7/2024 14:00,0
9/7/2024 15:00,0
9/7/2024 16:00,0
9/7/2024 17:00,0
9/7/2024 18:00,0
9/7/2024 19:00,0
9/7/2024 20:00,0
9/7/2024 21:00,0
9/7/2024 22:00,0
9/7/2024 23:00,0
9/8/2024 0:00,0
9/8/2024 1:00,0
9/8/2024 2:00,0
9/8/2024 3:00,0
9/8/2024 4:00,0
9/8/2024 5:00,0
9/8/2024 6:00,0
9/8/2024 7:00,0
9/8/2024 8:00,0
9/8/2024 9:00,0
9/8/2024 10:00,0
9/8/2024 11:00,0
9/8/2024 12:00,0
9/8/2024 13:00,0
9/8/2024 14:00,0
9/8/2024 15:00,0
9/8/2024 16:00,0
9/8/2024 17:00,0
9/8/2024 18:00,0
9/8/2024 19:00,0
9/8/2024 20:00,0
9/8/2024 21:00,0
9/8/2024 22:00,0
9/8/2024 23:00,0
9/9/2024 0:00,0
9/9/2024 1:00,0
9/9/2024 2:00,0
9/9/2024 3:00,0
9/9/2024 4:00,0
9/9/2024 5:00,0
9/9/2024 6:00,0
9/9/2024 7:00,0
9/9/2024 8:00,0
9/9/2024 9:00,0
9/9/2024 10:00,0
9/9/2024 11:00,0
9/9/2024 12:00,0
9/9/2024 13:00,0
9/9/2024 14:00,0
9/9/2024 15:00,0
9/9/2024 16:00,0
9/9/2024 17:00,0
9/9/2024 18:00,0
9/9/2024 19:00,0
9/9/2024 20:00,0
9/9/2024 21:00,0
9/9/2024 22:00,0
9/9/2024 23:00,0
9/10/2024 0:00,0
9/10/2024 1:00,0
9/10/2024 2:00,0
9/10/2024 3:00,0
9/10/2024 4:00,0
9/10/2024 5:00,0
9/10/2024 6:00,0
9/10/2024 7:00,0
9/10/2024 8:00,0
9/10/2024 9:00,0
9/10/2024 10:00,0
9/10/2024 11:00,0
9/10/2024 12:00,0
9/10/2024 13:00,0
9/10/2024 14:00,0
9/10/2024 15:00,0
9/10/2024 16:00,0
9/10/2024 17:00,0
9/10/2024 18:00,0
9/10/2024 19:00,0
9/10/2024 20:00,0
9/10/2024 21:00,0
9/10/2024 22:00,0
9/10/2024 23:00,0
9/11/2024 0:00,0
9/11/2024 1:00,0
9/11/2024 2:00,0
9/11/2024 3:00,0
9/11/2024 4:00,0
9/11/2024 5:00,0
9/11/2024 6:00,0
9/11/2024 7:00,0
9/11/2024 8:00,0
9/11/2024 9:00,0
9/11/2024 10:00,0
9/11/2024 11:00,0
9/11/2024 12:00,0
9/11/2024 13:00,0
9/11/2024 14:00,0
9/11/2024 15:00,0
9/11/2024 16:00,0
9/11/2024 17:00,0
9/11/2024 18:00,0
9/11/2024 19:00,0
9/11/2024 20:00,0
9/11/2024 21:00,0
9/11/2024 22:00,0
9/11/2024 23:00,0
9/12/2024 0:00,0
9/12/2024 1:00,0
9/12/2024 2:00,0
9/12/2024 3:00,0
9/12/2024 4:00,0
9/12/2024 5:00,0
9/12/2024 6:00,0
9/12/2024 7:00,0
9/12/2024 8:00,0
9/12/2024 9:00,0
9/12/2024 10:00,0
9/12/2024 11:00,0
9/12/2024 12:00,0
9/12/2024 13:00,0
9/12/2024 14:00,0
9/12/2024 15:00,0
9/12/2024 16:00,0
9/12/2024 17:00,0
9/12/2024 18:00,0
9/12/2024 19:00,0
9/12/2024 20:00,0
9/12/2024 21:00,0
9/12/2024 22:00,0
9/12/2024 23:00,0
9/13/2024 0:00,0
9/13/2024 1:00,0
9/13/2024 2:00,0
9/13/2024 3:00,0
9/13/2024 4:00,0
9/13/2024 5:00,0
9/13/2024 6:00,0
9/13/2024 7:00,0
9/13/2024 8:00,0
9/13/2024 9:00,0
9/13/2024 10:00,0
9/13/2024 11:00,0
9/13/2024 12:00,0
9/13/2024 13:00,0
9/13/2024 14:00,0
9/13/2024 15:00,0
9/13/2024 16:00,0
9/13/2024 17:00,0
9/13/2024 18:00,0
9/13/2024 19:00,0
9/13/2024 20:00,0
9/13/2024 21:00,0
9/13/2024 22:00,0
9/13/2024 23:00,0
9/14/2024 0:00,0
9/14/2024 1:00,0
9/14/2024 2:00,0
9/14/2024 3:00,0
9/14/2024 4:00,0
9/14/2024 5:00,0
9/14/2024 6:00,0
9/14/2024 7:00,0
9/14/2024 8:00,0
9/14/2024 9:00,0
9/14/2024 10:00,0
9/14/2024 11:00,0
9/14/2024 12:00,0
9/14/2024 13:00,0
9/14/2024 14:00,0
9/14/2024 15:00,0
9/14/2024 16:00,0
9/14/2024 17:00,0
9/14/2024 18:00,0
9/14/2024 19:00,0
9/14/2024 20:00,0
9/14/2024 21:00,0
9/14/2024 22:00,0
9/14/2024 23:00,0
9/15/2024 0:00,0
9/15/2024 1:00,0
9/15/2024 2:00,0
9/15/2024 3:00,0
9/15/2024 4:00,0
9/15/2024 5:00,0
9/15/2024 6:00,0
9/15/2024 7:00,0
9/15/2024 8:00,0
9/15/2024 9:00,0
9/15/2024 10:00,0
9/15/2024 11:00,0
9/15/2024 12:00,0
9/15/2024 13:00,0
9/15/2024 14:00,0
9/15/2024 15:00,0
9/15/2024 16:00,0
9/15/2024 17:00,0
9/15/2024 18:00,0
9/15/2024 19:00,0
9/15/2024 20:00,0
9/15/2024 21:00,0
9/15/2024 22:00,0
9/15/2024 23:00,0
9/16/2024 0:00,0
9/16/2024 1:00,0
9/16/2024 2:00,0
9/16/2024 3:00,0
9/16/2024 4:00,0
9/16/2024 5:00,0
9/16/2024 6:00,0
9/16/2024 7:00,0
9/16/2024 8:00,0
9/16/2024 9:00,0
9/16/2024 10:00,0
9/16/2024 11:00,0
9/16/2024 12:00,0
9/16/2024 13:00,0
9/16/2024 14:00,0
9/16/2024 15:00,0
9/16/2024 16:00,0
9/16/2024 17:00,0
9/16/2024 18:00,0
9/16/2024 19:00,0
9/16/2024 20:00,0
9/16/2024 21:00,0
9/16/2024 22:00,0.07
9/16/2024 23:00,0
9/17/2024 0:00,0
9/17/2024 1:00,0
9/17/2024 2:00,0
9/17/2024 3:00,0
9/17/2024 4:00,0
9/17/2024 5:00,0
9/17/2024 6:00,0
9/17/2024 7:00,0
9/17/2024 8:00,0
9/17/2024 9:00,0
9/17/2024 10:00,0
9/17/2024 11:00,0
9/17/2024 12:00,0
9/17/2024 13:00,0
9/17/2024 14:00,0
9/17/2024 15:00,0
9/17/2024 16:00,0
9/17/2024 17:00,0
9/17/2024 18:00,0
9/17/2024 19:00,0
9/17/2024 20:00,0
9/17/2024 21:00,0
9/17/2024 22:00,0
9/17/2024 23:00,0
9/18/2024 0:00,0
9/18/2024 1:00,0
9/18/2024 2:00,0
9/18/2024 3:00,0
9/18/2024 4:00,0
9/18/2024 5:00,0
9/18/2024 6:00,0
9/18/2024 7:00,0
9/18/2024 8:00,0
9/18/2024 9:00,0
9/18/2024 10:00,0
9/18/2024 11:00,0
9/18/2024 12:00,0
9/18/2024 13:00,0
9/18/2024 14:00,0
9/18/2024 15:00,0
9/18/2024 16:00,0
9/18/2024 17:00,0
9/18/2024 18:00,0
9/18/2024 19:00,0
9/18/2024 20:00,0
9/18/2024 21:00,0
9/18/2024 22:00,0.1
9/18/2024 23:00,0
9/19/2024 0:00,0.05
9/19/2024 1:00,2.19
9/19/2024 2:00,0.17
9/19/2024 3:00,0.01
9/19/2024 4:00,0.01
9/19/2024 5:00,0.12
9/19/2024 6:00,0
9/19/2024 7:00,0
9/19/2024 8:00,0
9/19/2024 9:00,0
9/19/2024 10:00,0
9/19/2024 11:00,0
9/19/2024 12:00,0
9/19/2024 13:00,0
9/19/2024 14:00,0
9/19/2024 15:00,0
9/19/2024 16:00,0
9/19/2024 17:00,0
9/19/2024 18:00,0
9/19/2024 19:00,0
9/19/2024 20:00,0
9/19/2024 21:00,0
9/19/2024 22:00,0
9/19/2024 23:00,0
9/20/2024 0:00,0
9/20/2024 1:00,0
9/20/2024 2:00,0
9/20/2024 3:00,0
9/20/2024 4:00,0
9/20/2024 5:00,0
9/20/2024 6:00,0
9/20/2024 7:00,0
9/20/2024 8:00,0
9/20/2024 9:00,0
9/20/2024 10:00,0
9/20/2024 11:00,0
9/20/2024 12:00,0
9/20/2024 13:00,0
9/20/2024 14:00,0
9/20/2024 15:00,0
9/20/2024 16:00,0
9/20/2024 17:00,0
9/20/2024 18:00,0
9/20/2024 19:00,0
9/20/2024 20:00,0
9/20/2024 21:00,0
9/20/2024 22:00,0
9/20/2024 23:00,0
9/21/2024 0:00,0
9/21/2024 1:00,0
9/21/2024 2:00,0
9/21/2024 3:00,0
9/21/2024 4:00,0
9/21/2024 5:00,0
9/21/2024 6:00,0
9/21/2024 7:00,0
9/21/2024 8:00,0
9/21/2024 9:00,0
9/21/2024 10:00,0
9/21/2024 11:00,0
9/21/2024 12:00,0
9/21/2024 13:00,0
9/21/2024 14:00,0
9/21/2024 15:00,0
9/21/2024 16:00,0
9/21/2024 17:00,0
9/21/2024 18:00,0
9/21/2024 19:00,0
9/21/2024 20:00,0
9/21/2024 21:00,0
9/21/2024 22:00,0
9/21/2024 23:00,0
9/22/2024 0:00,0
9/22/2024 1:00,0
9/22/2024 2:00,0
9/22/2024 3:00,0
9/22/2024 4:00,0
9/22/2024 5:00,0
9/22/2024 6:00,0
9/22/2024 7:00,0
9/22/2024 8:00,0
9/22/2024 9:00,0
9/22/2024 10:00,0
9/22/2024 11:00,0
9/22/2024 12:00,0
9/22/2024 13:00,0
9/22/2024 14:00,0
9/22/2024 15:00,0
9/22/2024 16:00,0
9/22/2024 17:00,0
9/22/2024 18:00,0
9/22/2024 19:00,0
9/22/2024 20:00,0
9/22/2024 21:00,0
9/22/2024 22:00,0
9/22/2024 23:00,0
9/23/2024 0:00,0
9/23/2024 1:00,0
9/23/2024 2:00,0
9/23/2024 3:00,0
9/23/2024 4:00,0
9/23/2024 5:00,0
9/23/2024 6:00,0
9/23/2024 7:00,0
9/23/2024 8:00,0
9/23/2024 9:00,0
9/23/2024 10:00,0
9/23/2024 11:00,0
9/23/2024 12:00,0
9/23/2024 13:00,0
9/23/2024 14:00,0
9/23/2024 15:00,0
9/23/2024 16:00,0
9/23/2024 17:00,0
9/23/2024 18:00,0
9/23/2024 19:00,0
9/23/2024 20:00,0
9/23/2024 21:00,0
9/23/2024 22:00,0
9/23/2024 23:00,0
9/24/2024 0:00,0
9/24/2024 1:00,0
9/24/2024 2:00,0
9/24/2024 3:00,0
9/24/2024 4:00,0
9/24/2024 5:00,0
9/24/2024 6:00,0
9/24/2024 7:00,0
9/24/2024 8:00,0
9/24/2024 9:00,0
9/24/2024 10:00,0
9/24/2024 11:00,0
9/24/2024 12:00,0
9/24/2024 13:00,0
9/24/2024 14:00,0
9/24/2024 15:00,0
9/24/2024 16:00,0
9/24/2024 17:00,0
9/24/2024 18:00,0
9/24/2024 19:00,0
9/24/2024 20:00,0
9/24/2024 21:00,0
9/24/2024 22:00,0
9/24/2024 23:00,0
9/25/2024 0:00,0
9/25/2024 1:00,0
9/25/2024 2:00,0
9/25/2024 3:00,0
9/25/2024 4:00,0
9/25/2024 5:00,0
9/25/2024 6:00,0
9/25/2024 7:00,0
9/25/2024 8:00,0
9/25/2024 9:00,0
9/25/2024 10:00,0
9/25/2024 11:00,0
9/25/2024 12:00,0
9/25/2024 13:00,0
9/25/2024 14:00,0
9/25/2024 15:00,0
9/25/2024 16:00,0
9/25/2024 17:00,0
9/25/2024 18:00,0
9/25/2024 19:00,0
9/25/2024 20:00,0
9/25/2024 21:00,0
9/25/2024 22:00,0
9/25/2024 23:00,0
9/26/2024 0:00,0
9/26/2024 1:00,0
9/26/2024 2:00,0
9/26/2024 3:00,0
9/26/2024 4:00,0
9/26/2024 5:00,0
9/26/2024 6:00,0
9/26/2024 7:00,0
9/26/2024 8:00,0
9/26/2024 9:00,0
9/26/2024 10:00,0
9/26/2024 11:00,0
9/26/2024 12:00,0
9/26/2024 13:00,0
9/26/2024 14:00,0
9/26/2024 15:00,0
9/26/2024 16:00,0
9/26/2024 17:00,0
9/26/2024 18:00,0
9/26/2024 19:00,0
9/26/2024 20:00,0
9/26/2024 21:00,0
9/26/2024 22:00,0
9/26/2024 23:00,0
9/27/2024 0:00,0
9/27/2024 1:00,0
9/27/2024 2:00,0
9/27/2024 3:00,0
9/27/2024 4:00,0
9/27/2024 5:00,0
9/27/2024 6:00,0
9/27/2024 7:00,0
9/27/2024 8:00,0
9/27/2024 9:00,0
9/27/2024 10:00,0
9/27/2024 11:00,0
9/27/2024 12:00,0
9/27/2024 13:00,0
9/27/2024 14:00,0
9/27/2024 15:00,0
9/27/2024 16:00,0
9/27/2024 17:00,0
9/27/2024 18:00,0
9/27/2024 19:00,0
9/27/2024 20:00,0
9/27/2024 21:00,0
9/27/2024 22:00,0
9/27/2024 23:00,0
9/28/2024 0:00,0
9/28/2024 1:00,0
9/28/2024 2:00,0
9/28/2024 3:00,0
9/28/2024 4:00,0
9/28/2024 5:00,0
9/28/2024 6:00,0
9/28/2024 7:00,0
9/28/2024 8:00,0
9/28/2024 9:00,0
9/28/2024 10:00,0
9/28/2024 11:00,0
9/28/2024 12:00,0
9/28/2024 13:00,0
9/28/2024 14:00,0
9/28/2024 15:00,0
9/28/2024 16:00,0
9/28/2024 17:00,0
9/28/2024 18:00,0
9/28/2024 19:00,0
9/28/2024 20:00,0
9/28/2024 21:00,0
9/28/2024 22:00,0
9/28/2024 23:00,0
9/29/2024 0:00,0
9/29/2024 1:00,0
9/29/2024 2:00,0
9/29/2024 3:00,0
9/29/2024 4:00,0
9/29/2024 5:00,0
9/29/2024 6:00,0
9/29/2024 7:00,0
9/29/2024 8:00,0
9/29/2024 9:00,0
9/29/2024 10:00,0
9/29/2024 11:00,0
9/29/2024 12:00,0
9/29/2024 13:00,0
9/29/2024 14:00,0
9/29/2024 15:00,0
9/29/2024 16:00,0
9/29/2024 17:00,0
9/29/2024 18:00,0
9/29/2024 19:00,0
9/29/2024 20:00,0
9/29/2024 21:00,0
9/29/2024 22:00,0
9/29/2024 23:00,0
9/30/2024 0:00,0
9/30/2024 1:00,0
9/30/2024 2:00,0
9/30/2024 3:00,0
9/30/2024 4:00,0
9/30/2024 5:00,0
9/30/2024 6:00,0
9/30/2024 7:00,0
9/30/2024 8:00,0
9/30/2024 9:00,0
9/30/2024 10:00,0
9/30/2024 11:00,0
9/30/2024 12:00,0
9/30/2024 13:00,0
9/30/2024 14:00,0
9/30/2024 15:00,0
9/30/2024 16:00,0
9/30/2024 17:00,0
9/30/2024 18:00,0
9/30/2024 19:00,0
9/30/2024 20:00,0
9/30/2024 21:00,0
9/30/2024 22:00,0
9/30/2024 23:00,0
10/1/2024 0:00,0
10/1/2024 1:00,0
10/1/2024 2:00,0
10/1/2024 3:00,0
10/1/2024 4:00,0
10/1/2024 5:00,0
10/1/2024 6:00,0
10/1/2024 7:00,0
10/1/2024 8:00,0
10/1/2024 9:00,0
10/1/2024 10:00,0
10/1/2024 11:00,0
10/1/2024 12:00,0
10/1/2024 13:00,0
10/1/2024 14:00,0
10/1/2024 15:00,0
10/1/2024 16:00,0
10/1/2024 17:00,0
10/1/2024 18:00,0
10/1/2024 19:00,0
10/1/2024 20:00,0
10/1/2024 21:00,0
10/1/2024 22:00,0
10/1/2024 23:00,0
10/2/2024 0:00,0
10/2/2024 1:00,0
10/2/2024 2:00,0
10/2/2024 3:00,0
10/2/2024 4:00,0
10/2/2024 5:00,0
10/2/2024 6:00,0
10/2/2024 7:00,0
10/2/2024 8:00,0
10/2/2024 9:00,0
10/2/2024 10:00,0
10/2/2024 11:00,0
10/2/2024 12:00,0
10/2/2024 13:00,0
10/2/2024 14:00,0
10/2/2024 15:00,0
10/2/2024 16:00,0
10/2/2024 17:00,0
10/2/2024 18:00,0
10/2/2024 19:00,0
10/2/2024 20:00,0
10/2/2024 21:00,0
10/2/2024 22:00,0
10/2/2024 23:00,0
10/3/2024 0:00,0
10/3/2024 1:00,0
10/3/2024 2:00,0
10/3/2024 3:00,0
10/3/2024 4:00,0
10/3/2024 5:00,0
10/3/2024 6:00,0
10/3/2024 7:00,0
10/3/2024 8:00,0
10/3/2024 9:00,0
10/3/2024 10:00,0
10/3/2024 11:00,0
10/3/2024 12:00,0
10/3/2024 13:00,0
10/3/2024 14:00,0
10/3/2024 15:00,0
10/3/2024 16:00,0
10/3/2024 17:00,0
10/3/2024 18:00,0
10/3/2024 19:00,0
10/3/2024 20:00,0
10/3/2024 21:00,0
10/3/2024 22:00,0
10/3/2024 23:00,0
10/4/2024 0:00,0
10/4/2024 1:00,0
10/4/2024 2:00,0
10/4/2024 3:00,0
10/4/2024 4:00,0
10/4/2024 5:00,0
10/4/2024 6:00,0
10/4/2024 7:00,0
10/4/2024 8:00,0
10/4/2024 9:00,0
10/4/2024 10:00,0
10/4/2024 11:00,0
10/4/2024 12:00,0
10/4/2024 13:00,0
10/4/2024 14:00,0
10/4/2024 15:00,0
10/4/2024 16:00,0
10/4/2024 17:00,0
10/4/2024 18:00,0
10/4/2024 19:00,0
10/4/2024 20:00,0
10/4/2024 21:00,0
10/4/2024 22:00,0
10/4/2024 23:00,0
10/5/2024 0:00,0
10/5/2024 1:00,0
10/5/2024 2:00,0
10/5/2024 3:00,0
10/5/2024 4:00,0
10/5/2024 5:00,0
10/5/2024 6:00,0
10/5/2024 7:00,0
10/5/2024 8:00,0
10/5/2024 9:00,0
10/5/2024 10:00,0
10/5/2024 11:00,0
10/5/2024 12:00,0
10/5/2024 13:00,0
10/5/2024 14:00,0
10/5/2024 15:00,0
10/5/2024 16:00,0
10/5/2024 17:00,0
10/5/2024 18:00,0
10/5/2024 19:00,0
10/5/2024 20:00,0
10/5/2024 21:00,0
10/5/2024 22:00,0
10/5/2024 23:00,0
10/6/2024 0:00,0
10/6/2024 1:00,0
10/6/2024 2:00,0
10/6/2024 3:00,0
10/6/2024 4:00,0
10/6/2024 5:00,0
10/6/2024 6:00,0
10/6/2024 7:00,0
10/6/2024 8:00,0
10/6/2024 9:00,0
10/6/2024 10:00,0
10/6/2024 11:00,0
10/6/2024 12:00,0
10/6/2024 13:00,0
10/6/2024 14:00,0
10/6/2024 15:00,0
10/6/2024 16:00,0
10/6/2024 17:00,0
10/6/2024 18:00,0
10/6/2024 19:00,0
10/6/2024 20:00,0
10/6/2024 21:00,0
10/6/2024 22:00,0
10/6/2024 23:00,0
10/7/2024 0:00,0
10/7/2024 1:00,0
10/7/2024 2:00,0
10/7/2024 3:00,0
10/7/2024 4:00,0
10/7/2024 5:00,0
10/7/2024 6:00,0
10/7/2024 7:00,0
10/7/2024 8:00,0
10/7/2024 9:00,0
10/7/2024 10:00,0
10/7/2024 11:00,0
10/7/2024 12:00,0
10/7/2024 13:00,0
10/7/2024 14:00,0
10/7/2024 15:00,0
10/7/2024 16:00,0
10/7/2024 17:00,0
10/7/2024 18:00,0
10/7/2024 19:00,0
10/7/2024 20:00,0
10/7/2024 21:00,0
10/7/2024 22:00,0
10/7/2024 23:00,0
10/8/2024 0:00,0
10/8/2024 1:00,0
10/8/2024 2:00,0
10/8/2024 3:00,0
10/8/2024 4:00,0
10/8/2024 5:00,0
10/8/2024 6:00,0
10/8/2024 7:00,0
10/8/2024 8:00,0
10/8/2024 9:00,0
10/8/2024 10:00,0
10/8/2024 11:00,0
10/8/2024 12:00,0
10/8/2024 13:00,0
10/8/2024 14:00,0
10/8/2024 15:00,0
10/8/2024 16:00,0
10/8/2024 17:00,0
10/8/2024 18:00,0
10/8/2024 19:00,0
10/8/2024 20:00,0
10/8/2024 21:00,0
10/8/2024 22:00,0
10/8/2024 23:00,0
10/9/2024 0:00,0
10/9/2024 1:00,0
10/9/2024 2:00,0
10/9/2024 3:00,0
10/9/2024 4:00,0
10/9/2024 5:00,0
10/9/2024 6:00,0
10/9/2024 7:00,0
10/9/2024 8:00,0
10/9/2024 9:00,0
10/9/2024 10:00,0
10/9/2024 11:00,0
10/9/2024 12:00,0
10/9/2024 13:00,0
10/9/2024 14:00,0
10/9/2024 15:00,0
10/9/2024 16:00,0
10/9/2024 17:00,0
10/9/2024 18:00,0
10/9/2024 19:00,0
10/9/2024 20:00,0
10/9/2024 21:00,0
10/9/2024 22:00,0
10/9/2024 23:00,0
10/10/2024 0:00,0
10/10/2024 1:00,0
10/10/2024 2:00,0
10/10/2024 3:00,0
10/10/2024 4:00,0
10/10/2024 5:00,0
10/10/2024 6:00,0
10/10/2024 7:00,0
10/10/2024 8:00,0
10/10/2024 9:00,0
10/10/2024 10:00,0
10/10/2024 11:00,0
10/10/2024 12:00,0
10/10/2024 13:00,0
10/10/2024 14:00,0
10/10/2024 15:00,0
10/10/2024 16:00,0
10/10/2024 17:00,0
10/10/2024 18:00,0
10/10/2024 19:00,0
10/10/2024 20:00,0
10/10/2024 21:00,0
10/10/2024 22:00,0
10/10/2024 23:00,0
10/11/2024 0:00,0
10/11/2024 1:00,0
10/11/2024 2:00,0
10/11/2024 3:00,0
10/11/2024 4:00,0
10/11/2024 5:00,0
10/11/2024 6:00,0
10/11/2024 7:00,0
10/11/2024 8:00,0
10/11/2024 9:00,0
10/11/2024 10:00,0
10/11/2024 11:00,0
10/11/2024 12:00,0
10/11/2024 13:00,0
10/11/2024 14:00,0
10/11/2024 15:00,0
10/11/2024 16:00,0
10/11/2024 17:00,0
10/11/2024 18:00,0
10/11/2024 19:00,0
10/11/2024 20:00,0
10/11/2024 21:00,0
10/11/2024 22:00,0
10/11/2024 23:00,0
10/12/2024 0:00,0
10/12/2024 1:00,0
10/12/2024 2:00,0
10/12/2024 3:00,0
10/12/2024 4:00,0
10/12/2024 5:00,0
10/12/2024 6:00,0
10/12/2024 7:00,0
10/12/2024 8:00,0
10/12/2024 9:00,0
10/12/2024 10:00,0
10/12/2024 11:00,0
10/12/2024 12:00,0
10/12/2024 13:00,0
10/12/2024 14:00,0
10/12/2024 15:00,0
10/12/2024 16:00,0
10/12/2024 17:00,0
10/12/2024 18:00,0
10/12/2024 19:00,0
10/12/2024 20:00,0
10/12/2024 21:00,0
10/12/2024 22:00,0
10/12/2024 23:00,0
10/13/2024 0:00,0
10/13/2024 1:00,0
10/13/2024 2:00,0
10/13/2024 3:00,0
10/13/2024 4:00,0
10/13/2024 5:00,0
10/13/2024 6:00,0
10/13/2024 7:00,0
10/13/2024 8:00,0
10/13/2024 9:00,0
10/13/2024 10:00,0
10/13/2024 11:00,0
10/13/2024 12:00,0
10/13/2024 13:00,0
10/13/2024 14:00,0
10/13/2024 15:00,0
10/13/2024 16:00,0
10/13/2024 17:00,0
10/13/2024 18:00,0
10/13/2024 19:00,0
10/13/2024 20:00,0
10/13/2024 21:00,0
10/13/2024 22:00,0
10/13/2024 23:00,0
10/14/2024 0:00,0
10/14/2024 1:00,0
10/14/2024 2:00,0
10/14/2024 3:00,0
10/14/2024 4:00,0
10/14/2024 5:00,0
10/14/2024 6:00,0
10/14/2024 7:00,0
10/14/2024 8:00,0
10/14/2024 9:00,0
10/14/2024 10:00,0
10/14/2024 11:00,0
10/14/2024 12:00,0
10/14/2024 13:00,0
10/14/2024 14:00,0
10/14/2024 15:00,0
10/14/2024 16:00,0
10/14/2024 17:00,0
10/14/2024 18:00,0
10/14/2024 19:00,0
10/14/2024 20:00,0
10/14/2024 21:00,0
10/14/2024 22:00,0
10/14/2024 23:00,0
10/15/2024 0:00,0
10/15/2024 1:00,0
10/15/2024 2:00,0
10/15/2024 3:00,0
10/15/2024 4:00,0
10/15/2024 5:00,0
10/15/2024 6:00,0
10/15/2024 7:00,0
10/15/2024 8:00,0
10/15/2024 9:00,0
10/15/2024 10:00,0
10/15/2024 11:00,0
10/15/2024 12:00,0
10/15/2024 13:00,0
10/15/2024 14:00,0
10/15/2024 15:00,0
10/15/2024 16:00,0
10/15/2024 17:00,0
10/15/2024 18:00,0
10/15/2024 19:00,0
10/15/2024 20:00,0
10/15/2024 21:00,0
10/15/2024 22:00,0
10/15/2024 23:00,0
10/16/2024 0:00,0
10/16/2024 1:00,0
10/16/2024 2:00,0
10/16/2024 3:00,0
10/16/2024 4:00,0
10/16/2024 5:00,0
10/16/2024 6:00,0
10/16/2024 7:00,0
10/16/2024 8:00,0
10/16/2024 9:00,0
10/16/2024 10:00,0
10/16/2024 11:00,0
10/16/2024 12:00,0
10/16/2024 13:00,0
10/16/2024 14:00,0
10/16/2024 15:00,0
10/16/2024 16:00,0
10/16/2024 17:00,0
10/16/2024 18:00,0
10/16/2024 19:00,0
10/16/2024 20:00,0
10/16/2024 21:00,0
10/16/2024 22:00,0
10/16/2024 23:00,0
10/17/2024 0:00,0
10/17/2024 1:00,0.48
10/17/2024 2:00,0.02
10/17/2024 3:00,0
10/17/2024 4:00,0
10/17/2024 5:00,0
10/17/2024 6:00,0
10/17/2024 7:00,0
10/17/2024 8:00,0
10/17/2024 9:00,0
10/17/2024 10:00,0
10/17/2024 11:00,0
10/17/2024 12:00,0
10/17/2024 13:00,0
10/17/2024 14:00,0
10/17/2024 15:00,0
10/17/2024 16:00,0
10/17/2024 17:00,0
10/17/2024 18:00,0
10/17/2024 19:00,0
10/17/2024 20:00,0
10/17/2024 21:00,0
10/17/2024 22:00,0
10/17/2024 23:00,0
10/18/2024 0:00,0
10/18/2024 1:00,0
10/18/2024 2:00,0
10/18/2024 3:00,0.03
10/18/2024 4:00,0
10/18/2024 5:00,0
10/18/2024 6:00,0
10/18/2024 7:00,0
10/18/2024 8:00,0
10/18/2024 9:00,0
10/18/2024 10:00,0
10/18/2024 11:00,0
10/18/2024 12:00,0
10/18/2024 13:00,0
10/18/2024 14:00,0
10/18/2024 15:00,0
10/18/2024 16:00,0
10/18/2024 17:00,0
10/18/2024 18:00,0
10/18/2024 19:00,0
10/18/2024 20:00,0
10/18/2024 21:00,0
10/18/2024 22:00,0
10/18/2024 23:00,0
10/19/2024 0:00,0
10/19/2024 1:00,0
10/19/2024 2:00,0
10/19/2024 3:00,0
10/19/2024 4:00,0
10/19/2024 5:00,0
10/19/2024 6:00,0
10/19/2024 7:00,0
10/19/2024 8:00,0
10/19/2024 9:00,0
10/19/2024 10:00,0
10/19/2024 11:00,0
10/19/2024 12:00,0
10/19/2024 13:00,0
10/19/2024 14:00,0
10/19/2024 15:00,0
10/19/2024 16:00,0
10/19/2024 17:00,0
10/19/2024 18:00,0
10/19/2024 19:00,0
10/19/2024 20:00,0
10/19/2024 21:00,0
10/19/2024 22:00,0
10/19/2024 23:00,0
10/20/2024 0:00,0
10/20/2024 1:00,0
10/20/2024 2:00,0
10/20/2024 3:00,0
10/20/2024 4:00,0
10/20/2024 5:00,0
10/20/2024 6:00,0
10/20/2024 7:00,0
10/20/2024 8:00,0
10/20/2024 9:00,0
10/20/2024 10:00,0
10/20/2024 11:00,0
10/20/2024 12:00,0
10/20/2024 13:00,0
10/20/2024 14:00,0
10/20/2024 15:00,0
10/20/2024 16:00,0
10/20/2024 17:00,0
10/20/2024 18:00,0
10/20/2024 19:00,0
10/20/2024 20:00,0
10/20/2024 21:00,0
10/20/2024 22:00,0
10/20/2024 23:00,0
10/21/2024 0:00,0
10/21/2024 1:00,0
10/21/2024 2:00,0
10/21/2024 3:00,0
10/21/2024 4:00,0
10/21/2024 5:00,0
10/21/2024 6:00,0
10/21/2024 7:00,0
10/21/2024 8:00,0
10/21/2024 9:00,0
10/21/2024 10:00,0
10/21/2024 11:00,0
10/21/2024 12:00,0
10/21/2024 13:00,0
10/21/2024 14:00,0
10/21/2024 15:00,0
10/21/2024 16:00,0
10/21/2024 17:00,0
10/21/2024 18:00,0
10/21/2024 19:00,0
10/21/2024 20:00,0
10/21/2024 21:00,0
10/21/2024 22:00,0
10/21/2024 23:00,0
10/22/2024 0:00,0
10/22/2024 1:00,0
10/22/2024 2:00,0
10/22/2024 3:00,0
10/22/2024 4:00,0
10/22/2024 5:00,0
10/22/2024 6:00,0
10/22/2024 7:00,0
10/22/2024 8:00,0
10/22/2024 9:00,0
10/22/2024 10:00,0
10/22/2024 11:00,0
10/22/2024 12:00,0
10/22/2024 13:00,0
10/22/2024 14:00,0
10/22/2024 15:00,0
10/22/2024 16:00,0
10/22/2024 17:00,0
10/22/2024 18:00,0
10/22/2024 19:00,0
10/22/2024 20:00,0
10/22/2024 21:00,0
10/22/2024 22:00,0
10/22/2024 23:00,0
10/23/2024 0:00,0
10/23/2024 1:00,0
10/23/2024 2:00,0
10/23/2024 3:00,0
10/23/2024 4:00,0
10/23/2024 5:00,0
10/23/2024 6:00,0
10/23/2024 7:00,0
10/23/2024 8:00,0
10/23/2024 9:00,0
10/23/2024 10:00,0
10/23/2024 11:00,0
10/23/2024 12:00,0
10/23/2024 13:00,0
10/23/2024 14:00,0
10/23/2024 15:00,0
10/23/2024 16:00,0
10/23/2024 17:00,0
10/23/2024 18:00,0
10/23/2024 19:00,0
10/23/2024 20:00,0
10/23/2024 21:00,0
10/23/2024 22:00,0
10/23/2024 23:00,0
10/24/2024 0:00,0
10/24/2024 1:00,0
10/24/2024 2:00,0
10/24/2024 3:00,0
10/24/2024 4:00,0
10/24/2024 5:00,0
10/24/2024 6:00,0
10/24/2024 7:00,0
10/24/2024 8:00,0
10/24/2024 9:00,0
10/24/2024 10:00,0
10/24/2024 11:00,0
10/24/2024 12:00,0
10/24/2024 13:00,0
10/24/2024 14:00,0
10/24/2024 15:00,0
10/24/2024 16:00,0
10/24/2024 17:00,0
10/24/2024 18:00,0
10/24/2024 19:00,0
10/24/2024 20:00,0
10/24/2024 21:00,0
10/24/2024 22:00,0
10/24/2024 23:00,0
10/25/2024 0:00,0
10/25/2024 1:00,0
10/25/2024 2:00,0
10/25/2024 3:00,0
10/25/2024 4:00,0
10/25/2024 5:00,0
10/25/2024 6:00,0
10/25/2024 7:00,0
10/25/2024 8:00,0
10/25/2024 9:00,0
10/25/2024 10:00,0
10/25/2024 11:00,0
10/25/2024 12:00,0
10/25/2024 13:00,0
10/25/2024 14:00,0
10/25/2024 15:00,0
10/25/2024 16:00,0
10/25/2024 17:00,0
10/25/2024 18:00,0
10/25/2024 19:00,0
10/25/2024 20:00,0
10/25/2024 21:00,0
10/25/2024 22:00,0
10/25/2024 23:00,0
10/26/2024 0:00,0
10/26/2024 1:00,0
10/26/2024 2:00,0
10/26/2024 3:00,0
10/26/2024 4:00,0
10/26/2024 5:00,0
10/26/2024 6:00,0
10/26/2024 7:00,0
10/26/2024 8:00,0
10/26/2024 9:00,0
10/26/2024 10:00,0
10/26/2024 11:00,0
10/26/2024 12:00,0
10/26/2024 13:00,0
10/26/2024 14:00,0
10/26/2024 15:00,0
10/26/2024 16:00,0
10/26/2024 17:00,0
10/26/2024 18:00,0
10/26/2024 19:00,0
10/26/2024 20:00,0
10/26/2024 21:00,0
10/26/2024 22:00,0
10/26/2024 23:00,0
10/27/2024 0:00,0
10/27/2024 1:00,0
10/27/2024 2:00,0
10/27/2024 3:00,0
10/27/2024 4:00,0
10/27/2024 5:00,0
10/27/2024 6:00,0
10/27/2024 7:00,0
10/27/2024 8:00,0
10/27/2024 9:00,0
10/27/2024 10:00,0
10/27/2024 11:00,0
10/27/2024 12:00,0
10/27/2024 13:00,0
10/27/2024 14:00,0
10/27/2024 15:00,0
10/27/2024 16:00,0
10/27/2024 17:00,0
10/27/2024 18:00,0
10/27/2024 19:00,0
10/27/2024 20:00,0
10/27/2024 21:00,0
10/27/2024 22:00,0
10/27/2024 23:00,0
10/28/2024 0:00,0
10/28/2024 1:00,0
10/28/2024 2:00,0
10/28/2024 3:00,0
10/28/2024 4:00,0
10/28/2024 5:00,0
10/28/2024 6:00,0
10/28/2024 7:00,0
10/28/2024 8:00,0
10/28/2024 9:00,0
10/28/2024 10:00,0
10/28/2024 11:00,0
10/28/2024 12:00,0
10/28/2024 13:00,0
10/28/2024 14:00,0
10/28/2024 15:00,0
10/28/2024 16:00,0
10/28/2024 17:00,0
10/28/2024 18:00,0
10/28/2024 19:00,0
10/28/2024 20:00,0
10/28/2024 21:00,0
10/28/2024 22:00,0
10/28/2024 23:00,0
10/29/2024 0:00,0
10/29/2024 1:00,0
10/29/2024 2:00,0
10/29/2024 3:00,0
10/29/2024 4:00,0
10/29/2024 5:00,0
10/29/2024 6:00,0
10/29/2024 7:00,0
10/29/2024 8:00,0
10/29/2024 9:00,0
10/29/2024 10:00,0
10/29/2024 11:00,0
10/29/2024 12:00,0
10/29/2024 13:00,0
10/29/2024 14:00,0
10/29/2024 15:00,0
10/29/2024 16:00,0
10/29/2024 17:00,0
10/29/2024 18:00,0
10/29/2024 19:00,0
10/29/2024 20:00,0
10/29/2024 21:00,0
10/29/2024 22:00,0
10/29/2024 23:00,0
10/30/2024 0:00,0
10/30/2024 1:00,0
10/30/2024 2:00,0
10/30/2024 3:00,0
10/30/2024 4:00,0
10/30/2024 5:00,0
10/30/2024 6:00,0
10/30/2024 7:00,0
10/30/2024 8:00,0
10/30/2024 9:00,0
10/30/2024 10:00,0
10/30/2024 11:00,0
10/30/2024 12:00,0
10/30/2024 13:00,0
10/30/2024 14:00,0
10/30/2024 15:00,0
10/30/2024 16:00,0
10/30/2024 17:00,0
10/30/2024 18:00,0
10/30/2024 19:00,0
10/30/2024 20:00,0
10/30/2024 21:00,0
10/30/2024 22:00,0
10/30/2024 23:00,0
10/31/2024 0:00,0
10/31/2024 1:00,0
10/31/2024 2:00,0
10/31/2024 3:00,0
10/31/2024 4:00,0
10/31/2024 5:00,0
10/31/2024 6:00,0
10/31/2024 7:00,0
10/31/2024 8:00,0
10/31/2024 9:00,0
10/31/2024 10:00,0
10/31/2024 11:00,0
10/31/2024 12:00,0
10/31/2024 13:00,0
10/31/2024 14:00,0
10/31/2024 15:00,0
10/31/2024 16:00,0
10/31/2024 17:00,0
10/31/2024 18:00,0
10/31/2024 19:00,0
10/31/2024 20:00,0
10/31/2024 21:00,0
10/31/2024 22:00,0
10/31/2024 23:00,0
11/1/2024 0:00,0
11/1/2024 1:00,0
11/1/2024 2:00,0
11/1/2024 3:00,0
11/1/2024 4:00,0
11/1/2024 5:00,0
11/1/2024 6:00,0
11/1/2024 7:00,0
11/1/2024 8:00,0
11/1/2024 9:00,0
11/1/2024 10:00,0
11/1/2024 11:00,0
11/1/2024 12:00,0
11/1/2024 13:00,0
11/1/2024 14:00,0
11/1/2024 15:00,0
11/1/2024 16:00,0
11/1/2024 17:00,0
11/1/2024 18:00,0
11/1/2024 19:00,0
11/1/2024 20:00,0
11/1/2024 21:00,0
11/1/2024 22:00,0
11/1/2024 23:00,0
11/2/2024 0:00,0
11/2/2024 1:00,0
11/2/2024 2:00,0
11/2/2024 3:00,0
11/2/2024 4:00,0
11/2/2024 5:00,0
11/2/2024 6:00,0
11/2/2024 7:00,0
11/2/2024 8:00,0
11/2/2024 9:00,0
11/2/2024 10:00,0
11/2/2024 11:00,0
11/2/2024 12:00,0.26
11/2/2024 13:00,0
11/2/2024 14:00,0
11/2/2024 15:00,0
11/2/2024 16:00,0
11/2/2024 17:00,0
11/2/2024 18:00,0
11/2/2024 19:00,0
11/2/2024 20:00,0
11/2/2024 21:00,0
11/2/2024 22:00,0
11/2/2024 23:00,0
11/3/2024 0:00,0
11/3/2024 1:00,0
11/3/2024 2:00,0
11/3/2024 3:00,0
11/3/2024 4:00,0
11/3/2024 5:00,0
11/3/2024 6:00,0
11/3/2024 7:00,0
11/3/2024 8:00,0
11/3/2024 9:00,0
11/3/2024 10:00,0
11/3/2024 11:00,0
11/3/2024 12:00,0
11/3/2024 13:00,0
11/3/2024 14:00,0
11/3/2024 15:00,0
11/3/2024 16:00,0
11/3/2024 17:00,0
11/3/2024 18:00,0
11/3/2024 19:00,0
11/3/2024 20:00,0
11/3/2024 21:00,0
11/3/2024 22:00,0
11/3/2024 23:00,0
11/4/2024 0:00,0
11/4/2024 1:00,0
11/4/2024 2:00,0
11/4/2024 3:00,0
11/4/2024 4:00,0
11/4/2024 5:00,0
11/4/2024 6:00,0
11/4/2024 7:00,0
11/4/2024 8:00,0
11/4/2024 9:00,0
11/4/2024 10:00,0
11/4/2024 11:00,0
11/4/2024 12:00,0
11/4/2024 13:00,0
11/4/2024 14:00,0
11/4/2024 15:00,0
11/4/2024 16:00,0
11/4/2024 17:00,0
11/4/2024 18:00,0
11/4/2024 19:00,0
11/4/2024 20:00,0
11/4/2024 21:00,0
11/4/2024 22:00,0
11/4/2024 23:00,0
11/5/2024 0:00,0
11/5/2024 1:00,0
11/5/2024 2:00,0
11/5/2024 3:00,0
11/5/2024 4:00,0
11/5/2024 5:00,0
11/5/2024 6:00,0
11/5/2024 7:00,0
11/5/2024 8:00,0
11/5/2024 9:00,0
11/5/2024 10:00,0
11/5/2024 11:00,0
11/5/2024 12:00,0
11/5/2024 13:00,0
11/5/2024 14:00,0
11/5/2024 15:00,0
11/5/2024 16:00,0
11/5/2024 17:00,0
11/5/2024 18:00,0
11/5/2024 19:00,0
11/5/2024 20:00,0
11/5/2024 21:00,0
11/5/2024 22:00,0
11/5/2024 23:00,0
11/6/2024 0:00,0
11/6/2024 1:00,0
11/6/2024 2:00,0
11/6/2024 3:00,0
11/6/2024 4:00,0
11/6/2024 5:00,0
11/6/2024 6:00,0
11/6/2024 7:00,0
11/6/2024 8:00,0
11/6/2024 9:00,0
11/6/2024 10:00,0
11/6/2024 11:00,0
11/6/2024 12:00,0
11/6/2024 13:00,0
11/6/2024 14:00,0
11/6/2024 15:00,0
11/6/2024 16:00,0
11/6/2024 17:00,0
11/6/2024 18:00,0
11/6/2024 19:00,0
11/6/2024 20:00,0
11/6/2024 21:00,0
11/6/2024 22:00,0
11/6/2024 23:00,0
11/7/2024 0:00,0
11/7/2024 1:00,0
11/7/2024 2:00,0
11/7/2024 3:00,0
11/7/2024 4:00,0
11/7/2024 5:00,0
11/7/2024 6:00,0
11/7/2024 7:00,0
11/7/2024 8:00,0
11/7/2024 9:00,0
11/7/2024 10:00,0
11/7/2024 11:00,0
11/7/2024 12:00,0
11/7/2024 13:00,0
11/7/2024 14:00,0
11/7/2024 15:00,0
11/7/2024 16:00,0
11/7/2024 17:00,0
11/7/2024 18:00,0
11/7/2024 19:00,0
11/7/2024 20:00,0
11/7/2024 21:00,0
11/7/2024 22:00,0
11/7/2024 23:00,0
11/8/2024 0:00,0
11/8/2024 1:00,0
11/8/2024 2:00,0
11/8/2024 3:00,0
11/8/2024 4:00,0
11/8/2024 5:00,0
11/8/2024 6:00,0
11/8/2024 7:00,0
11/8/2024 8:00,0
11/8/2024 9:00,0
11/8/2024 10:00,0
11/8/2024 11:00,0
11/8/2024 12:00,0
11/8/2024 13:00,0
11/8/2024 14:00,0
11/8/2024 15:00,0
11/8/2024 16:00,0
11/8/2024 17:00,0
11/8/2024 18:00,0
11/8/2024 19:00,0
11/8/2024 20:00,0
11/8/2024 21:00,0
11/8/2024 22:00,0
11/8/2024 23:00,0
11/9/2024 0:00,0
11/9/2024 1:00,0
11/9/2024 2:00,0
11/9/2024 3:00,0
11/9/2024 4:00,0
11/9/2024 5:00,0
11/9/2024 6:00,0
11/9/2024 7:00,0
11/9/2024 8:00,0
11/9/2024 9:00,0
11/9/2024 10:00,0
11/9/2024 11:00,0
11/9/2024 12:00,0
11/9/2024 13:00,0
11/9/2024 14:00,0
11/9/2024 15:00,0
11/9/2024 16:00,0
11/9/2024 17:00,0
11/9/2024 18:00,0
11/9/2024 19:00,0
11/9/2024 20:00,0
11/9/2024 21:00,0
11/9/2024 22:00,0
11/9/2024 23:00,0
11/10/2024 0:00,0
11/10/2024 1:00,0
11/10/2024 2:00,0
11/10/2024 3:00,0
11/10/2024 4:00,0
11/10/2024 5:00,0
11/10/2024 6:00,0
11/10/2024 7:00,0
11/10/2024 8:00,0
11/10/2024 9:00,0
11/10/2024 10:00,0
11/10/2024 11:00,0
11/10/2024 12:00,0
11/10/2024 13:00,0
11/10/2024 14:00,0
11/10/2024 15:00,0
11/10/2024 16:00,0
11/10/2024 17:00,0
11/10/2024 18:00,0
11/10/2024 19:00,0
11/10/2024 20:00,0
11/10/2024 21:00,0
11/10/2024 22:00,0
11/10/2024 23:00,0
11/11/2024 0:00,0
11/11/2024 1:00,0
11/11/2024 2:00,0
11/11/2024 3:00,0
11/11/2024 4:00,0
11/11/2024 5:00,0
11/11/2024 6:00,0
11/11/2024 7:00,0
11/11/2024 8:00,0
11/11/2024 9:00,0
11/11/2024 10:00,0
11/11/2024 11:00,0
11/11/2024 12:00,0
11/11/2024 13:00,0
11/11/2024 14:00,0
11/11/2024 15:00,0
11/11/2024 16:00,0
11/11/2024 17:00,0
11/11/2024 18:00,0
11/11/2024 19:00,0
11/11/2024 20:00,0
11/11/2024 21:00,0
11/11/2024 22:00,0
11/11/2024 23:00,0
11/12/2024 0:00,0
11/12/2024 1:00,0
11/12/2024 2:00,0
11/12/2024 3:00,0
11/12/2024 4:00,0
11/12/2024 5:00,0
11/12/2024 6:00,0
11/12/2024 7:00,0
11/12/2024 8:00,0
11/12/2024 9:00,0
11/12/2024 10:00,0
11/12/2024 11:00,0
11/12/2024 12:00,0
11/12/2024 13:00,0
11/12/2024 14:00,0
11/12/2024 15:00,0
11/12/2024 16:00,0
11/12/2024 17:00,0
11/12/2024 18:00,0
11/12/2024 19:00,0
11/12/2024 20:00,0
11/12/2024 21:00,0
11/12/2024 22:00,0
11/12/2024 23:00,0
11/13/2024 0:00,0
11/13/2024 1:00,0
11/13/2024 2:00,0
11/13/2024 3:00,0
11/13/2024 4:00,0
11/13/2024 5:00,0
11/13/2024 6:00,0
11/13/2024 7:00,0
11/13/2024 8:00,0
11/13/2024 9:00,0
11/13/2024 10:00,0
11/13/2024 11:00,0
11/13/2024 12:00,0
11/13/2024 13:00,0
11/13/2024 14:00,0
11/13/2024 15:00,0
11/13/2024 16:00,0
11/13/2024 17:00,0
11/13/2024 18:00,0
11/13/2024 19:00,0
11/13/2024 20:00,0
11/13/2024 21:00,0
11/13/2024 22:00,0
11/13/2024 23:00,0
11/14/2024 0:00,0
11/14/2024 1:00,0
11/14/2024 2:00,0
11/14/2024 3:00,0
11/14/2024 4:00,0
11/14/2024 5:00,0
11/14/2024 6:00,0
11/14/2024 7:00,0
11/14/2024 8:00,0
11/14/2024 9:00,0
11/14/2024 10:00,0
11/14/2024 11:00,0
11/14/2024 12:00,0
11/14/2024 13:00,0
11/14/2024 14:00,0
11/14/2024 15:00,0
11/14/2024 16:00,0
11/14/2024 17:00,0
11/14/2024 18:00,0
11/14/2024 19:00,0
11/14/2024 20:00,0
11/14/2024 21:00,0
11/14/2024 22:00,0
11/14/2024 23:00,0
11/15/2024 0:00,0
11/15/2024 1:00,0
11/15/2024 2:00,0
11/15/2024 3:00,0
11/15/2024 4:00,0
11/15/2024 5:00,0
11/15/2024 6:00,0
11/15/2024 7:00,0
11/15/2024 8:00,0
11/15/2024 9:00,0
11/15/2024 10:00,0
11/15/2024 11:00,0
11/15/2024 12:00,0
11/15/2024 13:00,0
11/15/2024 14:00,0
11/15/2024 15:00,0
11/15/2024 16:00,0
11/15/2024 17:00,0
11/15/2024 18:00,0
11/15/2024 19:00,0
11/15/2024 20:00,0
11/15/2024 21:00,0
11/15/2024 22:00,0.2
11/15/2024 23:00,0.03
11/16/2024 0:00,0
11/16/2024 1:00,0
11/16/2024 2:00,0
11/16/2024 3:00,0
11/16/2024 4:00,0
11/16/2024 5:00,0
11/16/2024 6:00,0
11/16/2024 7:00,0
11/16/2024 8:00,0
11/16/2024 9:00,0
11/16/2024 10:00,0
11/16/2024 11:00,0
11/16/2024 12:00,0
11/16/2024 13:00,0
11/16/2024 14:00,0
11/16/2024 15:00,0
11/16/2024 16:00,0
11/16/2024 17:00,0
11/16/2024 18:00,0
11/16/2024 19:00,0
11/16/2024 20:00,0
11/16/2024 21:00,0
11/16/2024 22:00,0
11/16/2024 23:00,0
11/17/2024 0:00,0
11/17/2024 1:00,0
11/17/2024 2:00,0
11/17/2024 3:00,0
11/17/2024 4:00,0
11/17/2024 5:00,0
11/17/2024 6:00,0
11/17/2024 7:00,0
11/17/2024 8:00,0
11/17/2024 9:00,0
11/17/2024 10:00,0
11/17/2024 11:00,0
11/17/2024 12:00,0
11/17/2024 13:00,0
11/17/2024 14:00,0
11/17/2024 15:00,0
11/17/2024 16:00,0
11/17/2024 17:00,0
11/17/2024 18:00,0
11/17/2024 19:00,0
11/17/2024 20:00,0
11/17/2024 21:00,0
11/17/2024 22:00,0
11/17/2024 23:00,0
11/18/2024 0:00,0
11/18/2024 1:00,0
11/18/2024 2:00,0
11/18/2024 3:00,0
11/18/2024 4:00,0
11/18/2024 5:00,0
11/18/2024 6:00,0
11/18/2024 7:00,0
11/18/2024 8:00,0
11/18/2024 9:00,0
11/18/2024 10:00,0
11/18/2024 11:00,0
11/18/2024 12:00,0
11/18/2024 13:00,0
11/18/2024 14:00,0
11/18/2024 15:00,0
11/18/2024 16:00,0
11/18/2024 17:00,0
11/18/2024 18:00,0
11/18/2024 19:00,0
11/18/2024 20:00,0
11/18/2024 21:00,0
11/18/2024 22:00,0
11/18/2024 23:00,0
11/19/2024 0:00,0
11/19/2024 1:00,0
11/19/2024 2:00,0
11/19/2024 3:00,0
11/19/2024 4:00,0
11/19/2024 5:00,0
11/19/2024 6:00,0
11/19/2024 7:00,0
11/19/2024 8:00,0
11/19/2024 9:00,0
11/19/2024 10:00,0
11/19/2024 11:00,0
11/19/2024 12:00,0
11/19/2024 13:00,0
11/19/2024 14:00,0
11/19/2024 15:00,0
11/19/2024 16:00,0
11/19/2024 17:00,0
11/19/2024 18:00,0
11/19/2024 19:00,0
11/19/2024 20:00,0
11/19/2024 21:00,0
11/19/2024 22:00,0
11/19/2024 23:00,0
11/20/2024 0:00,0
11/20/2024 1:00,0
11/20/2024 2:00,0
11/20/2024 3:00,0
11/20/2024 4:00,0
11/20/2024 5:00,0
11/20/2024 6:00,0
11/20/2024 7:00,0
11/20/2024 8:00,0
11/20/2024 9:00,0
11/20/2024 10:00,0
11/20/2024 11:00,0
11/20/2024 12:00,0
11/20/2024 13:00,0
11/20/2024 14:00,0
11/20/2024 15:00,0
11/20/2024 16:00,0
11/20/2024 17:00,0
11/20/2024 18:00,0
11/20/2024 19:00,0
11/20/2024 20:00,0
11/20/2024 21:00,0
11/20/2024 22:00,0
11/20/2024 23:00,0
11/21/2024 0:00,0
11/21/2024 1:00,0
11/21/2024 2:00,0
11/21/2024 3:00,0
11/21/2024 4:00,0
11/21/2024 5:00,0
11/21/2024 6:00,0
11/21/2024 7:00,0
11/21/2024 8:00,0
11/21/2024 9:00,0
11/21/2024 10:00,0
11/21/2024 11:00,0
11/21/2024 12:00,0
11/21/2024 13:00,0
11/21/2024 14:00,0
11/21/2024 15:00,0
11/21/2024 16:00,0
11/21/2024 17:00,0
11/21/2024 18:00,0
11/21/2024 19:00,0
11/21/2024 20:00,0
11/21/2024 21:00,0
11/21/2024 22:00,0
11/21/2024 23:00,0
11/22/2024 0:00,0
11/22/2024 1:00,0
11/22/2024 2:00,0
11/22/2024 3:00,0
11/22/2024 4:00,0
11/22/2024 5:00,0
11/22/2024 6:00,0
11/22/2024 7:00,0
11/22/2024 8:00,0
11/22/2024 9:00,0
11/22/2024 10:00,0
11/22/2024 11:00,0
11/22/2024 12:00,0
11/22/2024 13:00,0
11/22/2024 14:00,0
11/22/2024 15:00,0
11/22/2024 16:00,0
11/22/2024 17:00,0
11/22/2024 18:00,0
11/22/2024 19:00,0
11/22/2024 20:00,0
11/22/2024 21:00,0
11/22/2024 22:00,0
11/22/2024 23:00,0
11/23/2024 0:00,0
11/23/2024 1:00,0
11/23/2024 2:00,0
11/23/2024 3:00,0
11/23/2024 4:00,0
11/23/2024 5:00,0
11/23/2024 6:00,0
11/23/2024 7:00,0
11/23/2024 8:00,0
11/23/2024 9:00,0.01
11/23/2024 10:00,0.75
11/23/2024 11:00,0.5
11/23/2024 12:00,0.8
11/23/2024 13:00,0.22
11/23/2024 14:00,0.05
11/23/2024 15:00,0
11/23/2024 16:00,0
11/23/2024 17:00,0
11/23/2024 18:00,0
11/23/2024 19:00,0
11/23/2024 20:00,0
11/23/2024 21:00,0
11/23/2024 22:00,0
11/23/2024 23:00,0
11/24/2024 0:00,0
11/24/2024 1:00,0
11/24/2024 2:00,0
11/24/2024 3:00,0
11/24/2024 4:00,0
11/24/2024 5:00,0
11/24/2024 6:00,0
11/24/2024 7:00,0
11/24/2024 8:00,0
11/24/2024 9:00,0
11/24/2024 10:00,0
11/24/2024 11:00,0
11/24/2024 12:00,0
11/24/2024 13:00,0
11/24/2024 14:00,0
11/24/2024 15:00,0
11/24/2024 16:00,0
11/24/2024 17:00,0
11/24/2024 18:00,0
11/24/2024 19:00,0
11/24/2024 20:00,0
11/24/2024 21:00,0
11/24/2024 22:00,0
11/24/2024 23:00,0
11/25/2024 0:00,0
11/25/2024 1:00,0
11/25/2024 2:00,0
11/25/2024 3:00,0
11/25/2024 4:00,0
11/25/2024 5:00,0
11/25/2024 6:00,0
11/25/2024 7:00,0
11/25/2024 8:00,0
11/25/2024 9:00,0
11/25/2024 10:00,0
11/25/2024 11:00,0
11/25/2024 12:00,0
11/25/2024 13:00,0
11/25/2024 14:00,0
11/25/2024 15:00,0
11/25/2024 16:00,0
11/25/2024 17:00,0
11/25/2024 18:00,0
11/25/2024 19:00,0
11/25/2024 20:00,0
11/25/2024 21:00,0.01
11/25/2024 22:00,0
11/25/2024 23:00,0
11/26/2024 0:00,0
11/26/2024 1:00,0
11/26/2024 2:00,0
11/26/2024 3:00,0
11/26/2024 4:00,0
11/26/2024 5:00,0.01
11/26/2024 6:00,0
11/26/2024 7:00,0.01
11/26/2024 8:00,0.04
11/26/2024 9:00,0.1
11/26/2024 10:00,0.27
11/26/2024 11:00,0.57
11/26/2024 12:00,0.59
11/26/2024 13:00,0.52
11/26/2024 14:00,0.06
11/26/2024 15:00,0.26
11/26/2024 16:00,0.38
11/26/2024 17:00,0.28
11/26/2024 18:00,0.09
11/26/2024 19:00,0.03
11/26/2024 20:00,0
11/26/2024 21:00,0
11/26/2024 22:00,0
11/26/2024 23:00,0
11/27/2024 0:00,0
11/27/2024 1:00,0
